Subject,Gender,Age_in_Yrs,WM_Task_0bk_Acc,WM_Task_2bk_Acc,processed_age,age_group,original_age_group
3001,0,23,93.75,95.0,23.0,3,1
3002,1,21,91.25,93.75,21.0,2,1
3003,1,21,92.5,90.0,21.0,2,1
3004,1,19,83.75,80.0,19.0,2,1
3005,1,20,90.0,83.75,20.0,2,1
3006,1,27,88.75,95.0,27.0,3,2
3007,1,26,97.5,97.5,26.0,3,2
3008,1,28,86.25,83.75,28.0,3,2
3009,1,20,95.0,96.25,20.0,2,1
3010,1,22,82.5,95.0,22.0,2,1
3011,0,22,96.25,97.5,22.0,2,1
3012,0,20,92.5,91.25,20.0,2,1
3013,1,20,96.25,97.5,20.0,2,1
3014,0,23,86.25,88.75,23.0,3,1
3015,1,25,89.17,88.33,25.0,3,2
3016,1,19,85.0,73.75,19.0,2,1
3017,1,22,96.25,90.0,22.0,2,1
3018,1,19,97.5,93.75,19.0,2,1
3019,0,23,93.75,90.0,23.0,3,1
3020,0,19,78.75,85.0,19.0,2,1
3022,0,20,92.5,97.5,20.0,2,1
3023,0,19,93.75,88.75,19.0,2,1
3024,1,24,95.56,92.5,24.0,3,1
3025,1,20,96.25,86.25,20.0,2,1
3026,1,19,87.5,78.75,19.0,2,1
3027,0,19,95.0,98.75,19.0,2,1
3028,0,19,85.0,86.25,19.0,2,1
3029,1,23,93.75,92.5,23.0,3,1
3030,0,23,92.5,85.0,23.0,3,1
3031,1,19,90.0,92.5,19.0,2,1
3032,1,22,80.0,83.75,22.0,2,1
3033,0,21,90.0,97.5,21.0,2,1
3034,0,22,96.25,91.25,22.0,2,1
3035,0,18,92.5,88.75,18.0,2,1
3036,1,21,96.25,91.25,21.0,2,1
3037,1,25,92.5,91.25,25.0,3,2
3038,1,22,92.5,90.0,22.0,2,1
3039,0,24,87.5,86.25,24.0,3,1
3040,1,24,95.0,92.5,24.0,3,1
3041,0,20,93.75,87.5,20.0,2,1
3042,0,23,95.0,66.25,23.0,3,1
3043,1,19,86.25,80.0,19.0,2,1
3044,0,19,93.75,90.0,19.0,2,1
3045,0,20,98.75,95.0,20.0,2,1
3046,0,24,88.75,90.0,24.0,3,1
3047,0,19,96.25,88.75,19.0,2,1
3048,1,21,92.5,76.25,21.0,2,1
3049,0,19,96.25,93.75,19.0,2,1
3050,0,20,97.5,87.5,20.0,2,1
3051,0,18,95.0,90.0,18.0,2,1
3052,0,21,78.75,82.5,21.0,2,1
3053,0,19,98.75,100.0,19.0,2,1
3054,0,18,98.75,92.5,18.0,2,1
3055,0,26,,,26.0,3,2
3056,0,20,93.75,91.25,20.0,2,1
3057,0,22,96.25,95.0,22.0,2,1
3058,1,23,86.25,81.25,23.0,3,1
3059,0,24,91.0,67.78,24.0,3,1
3060,0,19,100.0,91.25,19.0,2,1
3061,0,23,95.0,88.75,23.0,3,1
3062,0,20,87.5,96.25,20.0,2,1
3063,1,23,73.75,87.5,23.0,3,1
3064,0,22,92.5,82.5,22.0,2,1
3065,0,24,88.75,86.25,24.0,3,1
3066,0,24,97.5,93.75,24.0,3,1
3067,0,23,93.75,97.5,23.0,3,1
3068,0,19,100.0,95.0,19.0,2,1
3069,0,20,100.0,95.0,20.0,2,1
3070,0,23,98.75,97.5,23.0,3,1
3071,0,19,97.5,97.5,19.0,2,1
3072,0,20,97.5,88.75,20.0,2,1
3073,0,22,95.0,88.75,22.0,2,1
3074,0,20,98.75,95.0,20.0,2,1
3075,0,20,91.25,95.0,20.0,2,1
3076,0,19,96.25,88.75,19.0,2,1
3077,0,22,96.25,92.5,22.0,2,1
3078,0,22,91.67,95.0,22.0,2,1
3079,0,22,98.75,93.75,22.0,2,1
3080,0,19,96.25,96.25,19.0,2,1
3081,0,20,96.25,98.75,20.0,2,1
3082,1,19,92.5,92.5,19.0,2,1
3083,0,21,93.75,90.0,21.0,2,1
3085,1,23,98.75,97.5,23.0,3,1
3086,0,19,95.0,96.25,19.0,2,1
3087,0,24,98.75,90.0,24.0,3,1
3088,0,22,88.75,92.5,22.0,2,1
3089,1,19,90.0,92.5,19.0,2,1
3090,0,20,96.25,96.25,20.0,2,1
3091,1,22,91.25,96.25,22.0,2,1
3092,0,20,90.0,83.75,20.0,2,1
3093,1,22,98.75,97.5,22.0,2,1
3094,1,21,83.75,67.5,21.0,2,1
3095,0,25,97.5,95.0,25.0,3,2
3096,1,28,87.5,83.75,28.0,3,2
3097,1,22,100.0,92.5,22.0,2,1
3098,1,19,92.5,95.0,19.0,2,1
3099,0,20,98.75,98.75,20.0,2,1
3100,1,22,78.75,87.5,22.0,2,1
3101,0,21,92.5,88.75,21.0,2,1
3102,0,22,100.0,85.0,22.0,2,1
3103,1,30,87.5,88.75,30.0,4,2
3104,1,19,98.75,90.0,19.0,2,1
3105,0,20,88.75,90.0,20.0,2,1
3106,1,20,92.5,87.5,20.0,2,1
3107,1,25,96.25,81.25,25.0,3,2
3108,0,24,81.25,81.25,24.0,3,1
3109,0,23,85.0,97.5,23.0,3,1
3110,0,22,96.25,95.0,22.0,2,1
3111,0,21,98.75,81.25,21.0,2,1
3112,0,21,93.33,92.39,21.0,2,1
3113,0,20,95.0,90.0,20.0,2,1
3114,0,19,90.0,85.0,19.0,2,1
3115,1,18,91.25,88.75,18.0,2,1
3116,0,19,96.25,97.5,19.0,2,1
3118,0,24,96.25,73.75,24.0,3,1
3119,1,20,90.0,98.75,20.0,2,1
3120,0,27,98.75,95.0,27.0,3,2
3121,1,20,95.0,98.75,20.0,2,1
3122,1,22,90.0,95.0,22.0,2,1
3123,0,22,92.5,90.0,22.0,2,1
3124,0,25,94.17,95.45,25.0,3,2
3125,0,20,90.0,91.25,20.0,2,1
3126,0,20,93.75,97.5,20.0,2,1
3127,0,20,93.33,88.89,20.0,2,1
3128,0,21,78.75,82.5,21.0,2,1
3129,1,26,95.0,97.5,26.0,3,2
3130,0,22,91.0,95.0,22.0,2,1
3131,0,21,95.0,83.75,21.0,2,1
3132,1,18,96.25,95.0,18.0,2,1
3133,0,19,92.5,93.75,19.0,2,1
3134,0,18,90.0,91.25,18.0,2,1
3135,0,24,98.75,90.0,24.0,3,1
3136,0,20,87.5,78.75,20.0,2,1
3137,1,24,93.75,92.5,24.0,3,1
3138,1,19,91.25,93.75,19.0,2,1
3139,1,22,90.0,87.5,22.0,2,1
3140,0,20,93.75,96.25,20.0,2,1
3141,0,19,92.5,96.25,19.0,2,1
3142,0,22,92.5,97.5,22.0,2,1
3143,1,20,88.75,95.0,20.0,2,1
3144,1,22,97.5,97.5,22.0,2,1
3145,0,20,91.25,92.5,20.0,2,1
3146,1,23,87.5,61.25,23.0,3,1
3147,0,22,98.75,68.75,22.0,2,1
3148,0,18,93.75,93.75,18.0,2,1
3149,0,22,87.5,88.75,22.0,2,1
3150,1,21,93.75,93.75,21.0,2,1
3151,1,22,85.0,97.5,22.0,2,1
3152,0,22,87.5,90.0,22.0,2,1
3153,0,22,96.25,93.75,22.0,2,1
3154,0,20,98.75,93.75,20.0,2,1
3155,1,20,96.25,93.75,20.0,2,1
3156,1,23,88.75,88.75,23.0,3,1
3157,0,22,100.0,95.0,22.0,2,1
3158,0,21,95.0,87.5,21.0,2,1
3159,1,18,87.5,92.5,18.0,2,1
3160,0,23,95.0,87.5,23.0,3,1
3161,1,19,92.5,96.25,19.0,2,1
3162,1,23,98.75,82.5,23.0,3,1
3163,1,24,78.75,77.5,24.0,3,1
3164,1,20,88.75,97.5,20.0,2,1
3165,1,24,86.67,87.63,24.0,3,1
3166,1,26,97.5,93.75,26.0,3,2
3167,0,22,91.25,66.25,22.0,2,1
3168,0,19,92.5,87.5,19.0,2,1
3169,1,19,92.5,86.25,19.0,2,1
3170,1,28,81.25,78.75,28.0,3,2
3171,1,28,93.75,90.0,28.0,3,2
3172,1,23,98.75,97.5,23.0,3,1
3173,1,22,100.0,95.0,22.0,2,1
3174,1,23,88.75,87.5,23.0,3,1
3175,1,20,92.5,93.75,20.0,2,1
3176,1,20,83.75,87.5,20.0,2,1
3177,1,20,82.5,77.5,20.0,2,1
3178,1,22,90.0,91.25,22.0,2,1
3179,1,19,97.5,91.25,19.0,2,1
3180,1,26,88.75,82.5,26.0,3,2
3181,0,21,100.0,88.75,21.0,2,1
3182,1,22,95.56,71.25,22.0,2,1
3183,0,23,96.25,93.75,23.0,3,1
3184,1,22,97.5,96.25,22.0,2,1
3185,1,28,77.5,92.5,28.0,3,2
3186,1,30,85.0,55.0,30.0,4,2
3187,1,23,96.25,93.75,23.0,3,1
3188,1,23,84.04,90.0,23.0,3,1
3189,1,24,89.17,91.3,24.0,3,1
3190,1,19,92.5,93.75,19.0,2,1
3191,1,19,93.75,80.0,19.0,2,1
3192,1,24,93.68,96.0,24.0,3,1
3193,1,27,93.75,80.0,27.0,3,2
3194,1,26,83.75,81.25,26.0,3,2
3195,1,24,96.25,93.75,24.0,3,1
3196,1,24,100.0,90.43,24.0,3,1
3197,1,27,95.0,93.75,27.0,3,2
3198,0,20,92.5,87.5,20.0,2,1
3199,0,24,93.75,90.0,24.0,3,1
3200,0,22,96.25,88.75,22.0,2,1
3201,0,21,92.5,87.5,21.0,2,1
3202,1,24,91.25,82.5,24.0,3,1
3203,0,21,81.25,82.5,21.0,2,1
3204,0,24,100.0,91.25,24.0,3,1
3205,0,24,91.0,93.33,24.0,3,1
3206,1,19,97.5,80.0,19.0,2,1
3207,0,23,97.5,82.5,23.0,3,1
3208,1,23,91.21,88.0,23.0,3,1
3209,1,22,81.25,88.75,22.0,2,1
3210,1,22,97.5,97.5,22.0,2,1
3211,1,23,93.75,91.25,23.0,3,1
3212,1,23,90.0,87.5,23.0,3,1
3213,0,27,98.75,77.5,27.0,3,2
3214,1,22,95.0,90.0,22.0,2,1
3215,0,25,98.75,83.75,25.0,3,2
3216,0,22,97.5,97.5,22.0,2,1
3217,0,25,100.0,93.75,25.0,3,2
3218,0,26,90.0,86.25,26.0,3,2
3219,1,27,93.75,86.25,27.0,3,2
3220,1,25,90.0,92.5,25.0,3,2
3221,1,26,97.5,92.5,26.0,3,2
3222,1,27,97.5,87.5,27.0,3,2
3223,1,27,61.25,67.5,27.0,3,2
3224,1,25,98.75,93.75,25.0,3,2
3225,0,26,98.75,81.25,26.0,3,2
3226,1,25,90.0,78.75,25.0,3,2
3227,1,26,78.75,50.0,26.0,3,2
3228,0,21,97.5,77.5,21.0,2,1
3229,1,26,96.25,97.5,26.0,3,2
3230,0,25,98.75,93.75,25.0,3,2
3231,0,27,95.0,88.75,27.0,3,2
3232,1,27,96.25,90.0,27.0,3,2
3233,1,27,93.75,80.0,27.0,3,2
3234,1,27,86.25,87.5,27.0,3,2
3235,0,26,100.0,98.75,26.0,3,2
3236,0,26,83.75,82.5,26.0,3,2
3237,0,25,97.5,87.5,25.0,3,2
3238,1,31,68.75,65.0,31.0,4,3
3239,1,29,91.25,86.25,29.0,4,2
3240,0,27,97.5,88.75,27.0,3,2
3241,1,28,91.25,82.5,28.0,3,2
3242,0,24,97.5,92.5,24.0,3,1
3243,1,27,95.0,86.25,27.0,3,2
3244,1,26,92.5,91.25,26.0,3,2
3245,0,26,96.25,72.5,26.0,3,2
3246,1,29,95.0,87.5,29.0,4,2
3247,1,24,82.5,92.5,24.0,3,1
3248,0,28,91.25,95.0,28.0,3,2
3249,0,27,97.5,91.25,27.0,3,2
3250,0,27,98.75,96.25,27.0,3,2
4001,1,50,85.56,71.11,50.0,4,4
4002,0,54,64.0,72.28,54.0,4,4
4003,0,52,,,52.0,4,4
4004,1,55,,,55.0,4,4
4005,0,50,,,50.0,4,4
4006,1,53,,,53.0,4,4
4007,1,58,,,58.0,4,4
4008,0,55,,,55.0,4,4
4009,1,57,,,57.0,4,4
4011,0,53,,,53.0,4,4
4012,1,57,,,57.0,4,4
4014,0,48,,,48.0,4,4
4015,1,49,,,49.0,4,4
4016,0,52,,,52.0,4,4
4017,0,53,,,53.0,4,4
5000,0,70,50.0,72.5,70.0,4,4
5001,0,63,73.75,68.75,63.0,4,4
5003,0,61,76.25,75.0,61.0,4,4
5004,0,70,78.75,68.75,70.0,4,4
5005,0,66,,,66.0,4,4
5006,1,63,,,63.0,4,4
5007,0,68,73.33,37.78,68.0,4,4
5008,0,73,65.0,67.5,73.0,4,4
5009,1,60,71.25,78.75,60.0,4,4
5010,0,60,66.25,56.25,60.0,4,4
5011,0,62,32.5,38.75,62.0,4,4
5012,1,63,56.25,37.5,63.0,4,4
5013,1,63,85.0,68.75,63.0,4,4
5014,1,64,62.35,65.0,64.0,4,4
5015,1,68,92.5,75.0,68.0,4,4
5016,1,75,85.0,45.0,75.0,4,4
5017,1,74,96.25,66.25,74.0,4,4
5018,0,57,88.75,66.25,57.0,4,4
5019,0,65,73.75,73.75,65.0,4,4
5020,1,62,70.0,70.0,62.0,4,4
5021,0,60,48.75,50.0,60.0,4,4
5022,0,60,60.0,62.5,60.0,4,4
5023,0,67,85.0,72.5,67.0,4,4
5024,1,64,73.75,75.0,64.0,4,4
5025,1,61,57.5,73.75,61.0,4,4
5026,0,63,90.0,60.0,63.0,4,4
5027,1,66,76.25,61.25,66.0,4,4
5028,0,62,65.0,66.25,62.0,4,4
5029,0,61,76.25,82.5,61.0,4,4
5030,0,64,60.0,65.0,64.0,4,4
5031,0,68,71.25,82.5,68.0,4,4
5032,1,61,76.25,71.25,61.0,4,4
5033,1,62,67.5,75.0,62.0,4,4
5034,0,61,80.0,58.75,61.0,4,4
5035,0,65,72.5,72.5,65.0,4,4
5036,0,63,93.75,86.25,63.0,4,4
5037,1,63,90.0,75.0,63.0,4,4
5038,0,66,87.5,87.5,66.0,4,4
5039,0,60,75.0,66.25,60.0,4,4
5040,1,68,78.75,73.75,68.0,4,4
5041,0,68,71.11,64.44,68.0,4,4
5042,0,66,,,66.0,4,4
5043,0,66,,,66.0,4,4
5044,1,67,,,67.0,4,4
5045,1,66,,,66.0,4,4
5046,0,63,,,63.0,4,4
5047,0,64,,,64.0,4,4
5048,0,62,,,62.0,4,4
5049,1,66,,,66.0,4,4
5050,0,64,,,64.0,4,4
5051,1,64,,,64.0,4,4
5052,1,70,,,70.0,4,4
5053,0,65,,,65.0,4,4
5056,0,60,,,60.0,4,4
5057,0,71,,,71.0,4,4
5058,1,60,,,60.0,4,4
5059,1,61,,,61.0,4,4
5060,0,58,,,58.0,4,4
5061,1,60,,,60.0,4,4
5062,0,64,,,64.0,4,4
5063,0,63,,,63.0,4,4
5064,1,70,,,70.0,4,4
5065,1,69,,,69.0,4,4
5067,0,62,,,62.0,4,4
5068,1,65,,,65.0,4,4
5069,0,59,,,59.0,4,4
5070,1,62,,,62.0,4,4
5071,0,63,,,63.0,4,4
5072,0,58,,,58.0,4,4
5073,0,61,,,61.0,4,4
5074,0,66,,,66.0,4,4
5075,0,64,,,64.0,4,4
5076,0,66,,,66.0,4,4
5077,1,79,,,79.0,4,4
5078,0,60,,,60.0,4,4
5079,0,70,,,70.0,4,4
5080,0,56,,,56.0,4,4
5081,1,65,,,65.0,4,4
5082,0,61,,,61.0,4,4
5083,0,60,,,60.0,4,4
5084,1,62,,,62.0,4,4
5085,0,63,,,63.0,4,4
5086,1,65,,,65.0,4,4
5087,0,60,,,60.0,4,4
5088,1,60,,,60.0,4,4
5089,0,60,,,60.0,4,4
6001,0,34,,,34.0,4,3
6002,1,34,,,34.0,4,3
6003,1,35,,,35.0,4,3
6004,0,31,,,31.0,4,3
6005,0,35,,,35.0,4,3
6006,0,34,,,34.0,4,3
6007,0,35,,,35.0,4,3
6008,1,34,,,34.0,4,3
6009,1,35,,,35.0,4,3
6010,0,35,,,35.0,4,3
6011,1,32,,,32.0,4,3
6012,0,34,,,34.0,4,3
6013,1,35,,,35.0,4,3
6014,1,37,,,37.0,4,4
6015,0,34,,,34.0,4,3
6016,0,32,,,32.0,4,3
6017,0,39,,,39.0,4,4
6018,1,33,,,33.0,4,3
100004,1,22-25,,,23.5,3,1
100206,1,26-30,99.062,83.507,28.0,3,2
100307,0,26-30,93.125,77.083,28.0,3,2
100408,1,31-35,89.688,92.708,33.0,4,3
100610,1,26-30,97.5,96.181,28.0,3,2
101006,0,31-35,86.25,58.681,33.0,4,3
101107,1,22-25,92.188,77.083,23.5,3,1
101208,0,31-35,,,33.0,4,3
101309,1,26-30,90.625,92.535,28.0,3,2
101410,1,26-30,87.188,90.104,28.0,3,2
101612,0,26-30,,,28.0,3,2
101915,0,31-35,94.062,74.826,33.0,4,3
102008,1,22-25,95.625,96.181,23.5,3,1
102109,1,26-30,86.562,84.722,28.0,3,2
102311,0,26-30,71.562,72.396,28.0,3,2
102513,1,26-30,92.188,86.111,28.0,3,2
102614,1,22-25,99.062,94.792,23.5,3,1
102715,1,26-30,97.5,96.181,28.0,3,2
102816,0,26-30,99.062,81.076,28.0,3,2
103010,1,22-25,96.562,77.604,23.5,3,1
103111,1,26-30,94.688,89.931,28.0,3,2
103212,1,31-35,87.188,85.069,33.0,4,3
103414,0,22-25,99.062,83.681,23.5,3,1
103515,0,26-30,69.375,51.736,28.0,3,2
103818,0,31-35,92.188,78.472,33.0,4,3
104012,0,26-30,85.0,,28.0,3,2
104113,1,26-30,,,28.0,3,2
104416,0,31-35,84.688,93.75,33.0,4,3
104820,0,36+,84.688,72.222,36.5,4,4
105014,0,26-30,100.0,87.5,28.0,3,2
105115,1,31-35,89.062,90.972,33.0,4,3
105216,1,26-30,97.5,97.569,28.0,3,2
105620,0,31-35,99.062,97.569,33.0,4,3
105923,0,31-35,93.125,93.576,33.0,4,3
106016,0,31-35,92.188,91.319,33.0,4,3
106218,1,26-30,,,28.0,3,2
106319,1,26-30,98.125,88.715,28.0,3,2
106521,0,26-30,100.0,93.75,28.0,3,2
106824,1,22-25,97.5,93.576,23.5,3,1
107018,0,26-30,91.562,81.076,28.0,3,2
107119,1,36+,,,36.5,4,4
107220,0,26-30,84.375,72.222,28.0,3,2
107321,0,22-25,95.0,95.139,23.5,3,1
107422,1,22-25,100.0,98.785,23.5,3,1
107523,1,22-25,,,23.5,3,1
107725,0,31-35,55.312,76.91,33.0,4,3
108020,1,22-25,100.0,96.181,23.5,3,1
108121,0,26-30,95.0,78.472,28.0,3,2
108222,1,31-35,97.5,96.181,33.0,4,3
108323,0,26-30,56.25,92.535,28.0,3,2
108525,1,22-25,66.875,68.403,23.5,3,1
108828,1,31-35,64.062,72.569,33.0,4,3
109123,1,31-35,99.062,94.965,33.0,4,3
109325,1,31-35,55.0,84.375,33.0,4,3
109830,0,31-35,81.25,72.743,33.0,4,3
110007,0,31-35,91.25,87.5,33.0,4,3
110411,1,31-35,96.562,91.146,33.0,4,3
110613,1,26-30,92.188,78.646,28.0,3,2
111009,0,26-30,99.062,84.896,28.0,3,2
111211,0,26-30,97.5,89.757,28.0,3,2
111312,0,31-35,93.125,82.465,33.0,4,3
111413,0,26-30,95.625,81.25,28.0,3,2
111514,1,31-35,99.062,97.396,33.0,4,3
111716,0,31-35,91.562,83.681,33.0,4,3
112112,1,26-30,97.5,81.25,28.0,3,2
112314,0,26-30,89.688,78.299,28.0,3,2
112516,0,31-35,80.312,70.66,33.0,4,3
112819,0,26-30,87.812,88.715,28.0,3,2
112920,1,31-35,97.5,91.146,33.0,4,3
113215,0,26-30,98.125,90.972,28.0,3,2
113316,1,22-25,85.938,88.715,23.5,3,1
113417,0,26-30,91.562,78.993,28.0,3,2
113619,0,31-35,92.5,88.542,33.0,4,3
113821,0,26-30,94.688,94.965,28.0,3,2
113922,1,31-35,94.062,90.104,33.0,4,3
114116,0,26-30,92.5,95.139,28.0,3,2
114217,0,26-30,96.562,92.535,28.0,3,2
114318,0,22-25,92.188,90.104,23.5,3,1
114419,1,31-35,83.438,63.021,33.0,4,3
114621,1,26-30,97.5,89.757,28.0,3,2
114823,0,31-35,91.562,96.181,33.0,4,3
114924,1,26-30,82.188,57.118,28.0,3,2
115017,0,31-35,94.062,84.722,33.0,4,3
115219,1,31-35,61.875,68.75,33.0,4,3
115320,0,31-35,77.5,78.646,33.0,4,3
115724,0,22-25,85.625,61.806,23.5,3,1
115825,1,22-25,85.625,77.778,23.5,3,1
116120,0,31-35,,,33.0,4,3
116221,1,22-25,99.062,88.889,23.5,3,1
116322,0,31-35,,,33.0,4,3
116423,1,26-30,93.125,83.854,28.0,3,2
116524,1,26-30,54.062,54.34,28.0,3,2
116726,1,26-30,96.562,91.146,28.0,3,2
117021,0,26-30,91.25,87.326,28.0,3,2
117122,0,26-30,100.0,87.5,28.0,3,2
117324,0,22-25,61.875,79.34,23.5,3,1
117728,0,22-25,79.688,80.035,23.5,3,1
117930,0,31-35,99.062,82.292,33.0,4,3
118023,0,26-30,88.75,90.104,28.0,3,2
118124,0,31-35,91.875,79.861,33.0,4,3
118225,1,26-30,94.062,88.542,28.0,3,2
118528,0,26-30,90.312,93.75,28.0,3,2
118730,1,22-25,85.312,78.299,23.5,3,1
118831,1,22-25,76.25,86.111,23.5,3,1
118932,1,26-30,100.0,78.299,28.0,3,2
119025,1,26-30,97.5,98.785,28.0,3,2
119126,0,22-25,91.25,75.0,23.5,3,1
119732,0,31-35,70.938,54.34,33.0,4,3
119833,0,26-30,73.438,62.153,28.0,3,2
120010,0,26-30,95.0,94.965,28.0,3,2
120111,0,26-30,95.0,79.861,28.0,3,2
120212,0,31-35,94.062,84.896,33.0,4,3
120414,0,26-30,97.5,78.472,28.0,3,2
120515,0,26-30,62.188,64.062,28.0,3,2
120717,0,31-35,99.062,74.479,33.0,4,3
120818,1,22-25,,,23.5,3,1
121315,1,26-30,72.5,72.917,28.0,3,2
121416,1,26-30,73.125,77.778,28.0,3,2
121618,1,31-35,92.813,78.299,33.0,4,3
121719,0,31-35,91.25,70.66,33.0,4,3
121820,0,31-35,96.562,90.104,33.0,4,3
121921,1,31-35,77.188,83.507,33.0,4,3
122317,1,31-35,89.375,83.681,33.0,4,3
122418,0,26-30,93.125,94.965,28.0,3,2
122519,0,31-35,,,33.0,4,3
122620,1,26-30,91.562,79.34,28.0,3,2
122822,0,31-35,54.688,84.896,33.0,4,3
123117,1,26-30,89.062,74.653,28.0,3,2
123420,0,26-30,96.562,72.396,28.0,3,2
123521,1,22-25,58.125,88.889,23.5,3,1
123723,0,31-35,92.188,86.285,33.0,4,3
123824,1,22-25,87.5,48.958,23.5,3,1
123925,0,26-30,95.0,89.931,28.0,3,2
124220,1,31-35,88.75,91.319,33.0,4,3
124321,1,26-30,,,28.0,3,2
124422,0,31-35,84.062,67.188,33.0,4,3
124624,0,26-30,97.5,92.361,28.0,3,2
124826,0,31-35,100.0,92.535,33.0,4,3
125222,1,26-30,94.062,89.931,28.0,3,2
125424,0,31-35,91.25,78.472,33.0,4,3
125525,0,31-35,65.312,65.625,33.0,4,3
126325,0,26-30,92.188,93.75,28.0,3,2
126426,0,31-35,72.5,84.896,33.0,4,3
126628,1,31-35,91.562,87.674,33.0,4,3
126931,0,31-35,,,33.0,4,3
127226,1,22-25,94.687,90.104,23.5,3,1
127327,1,22-25,100.0,97.569,23.5,3,1
127630,0,22-25,90.0,84.722,23.5,3,1
127731,0,31-35,83.125,59.722,33.0,4,3
127832,0,31-35,85.312,67.188,33.0,4,3
127933,1,31-35,88.125,88.715,33.0,4,3
128026,0,26-30,98.125,88.542,28.0,3,2
128127,0,26-30,90.625,95.139,28.0,3,2
128329,0,31-35,84.688,64.583,33.0,4,3
128632,0,31-35,90.625,79.861,33.0,4,3
128935,1,31-35,95.625,61.285,33.0,4,3
129028,1,26-30,100.0,94.965,28.0,3,2
129129,0,31-35,72.188,76.91,33.0,4,3
129331,0,26-30,95.0,98.785,28.0,3,2
129432,1,22-25,,,23.5,3,1
129533,0,31-35,,,33.0,4,3
129634,1,22-25,94.062,82.292,23.5,3,1
129937,0,26-30,97.5,65.799,28.0,3,2
130013,1,26-30,98.125,86.111,28.0,3,2
130114,1,26-30,97.5,93.75,28.0,3,2
130316,0,26-30,95.0,83.681,28.0,3,2
130417,1,26-30,90.625,73.09,28.0,3,2
130518,0,31-35,87.188,82.986,33.0,4,3
130619,0,26-30,88.75,98.785,28.0,3,2
130720,1,31-35,89.375,84.896,33.0,4,3
130821,0,22-25,69.375,65.972,23.5,3,1
130922,0,31-35,92.188,93.75,33.0,4,3
131217,0,26-30,97.5,88.542,28.0,3,2
131419,0,26-30,66.25,90.278,28.0,3,2
131621,0,26-30,,,28.0,3,2
131722,0,26-30,91.562,88.715,28.0,3,2
131823,1,26-30,91.562,87.326,28.0,3,2
131924,1,22-25,99.062,91.319,23.5,3,1
132017,0,22-25,96.562,82.292,23.5,3,1
132118,0,26-30,86.563,49.653,28.0,3,2
132320,0,26-30,,,28.0,3,2
133019,0,26-30,91.562,86.285,28.0,3,2
133221,1,26-30,,,28.0,3,2
133625,1,26-30,97.5,89.931,28.0,3,2
133726,0,31-35,,,33.0,4,3
133827,1,22-25,97.188,78.819,23.5,3,1
133928,1,26-30,89.688,78.472,28.0,3,2
134021,0,31-35,100.0,90.104,33.0,4,3
134223,0,26-30,99.062,94.965,28.0,3,2
134324,1,26-30,54.062,95.139,28.0,3,2
134425,0,26-30,85.312,91.146,28.0,3,2
134627,1,26-30,97.5,93.576,28.0,3,2
134728,1,26-30,95.625,96.181,28.0,3,2
134829,0,31-35,89.688,88.715,33.0,4,3
135124,0,31-35,97.5,89.757,33.0,4,3
135225,0,22-25,92.188,83.681,23.5,3,1
135427,1,22-25,,,23.5,3,1
135528,0,26-30,93.125,82.118,28.0,3,2
135629,1,22-25,96.562,91.319,23.5,3,1
135730,1,22-25,97.5,95.139,23.5,3,1
135932,0,26-30,95.0,84.896,28.0,3,2
136126,1,26-30,89.062,78.819,28.0,3,2
136227,1,31-35,55.312,93.924,33.0,4,3
136328,1,26-30,,,28.0,3,2
136530,1,31-35,,,33.0,4,3
136631,1,22-25,99.062,88.542,23.5,3,1
136732,0,31-35,91.562,93.75,33.0,4,3
136833,1,31-35,88.75,79.861,33.0,4,3
137027,1,31-35,100.0,89.757,33.0,4,3
137128,0,31-35,99.062,88.889,33.0,4,3
137229,1,22-25,94.062,95.139,23.5,3,1
137431,0,31-35,95.625,87.326,33.0,4,3
137532,1,31-35,87.812,86.458,33.0,4,3
137633,0,22-25,100.0,96.181,23.5,3,1
137936,1,31-35,85.938,65.451,33.0,4,3
138130,0,31-35,95.0,86.458,33.0,4,3
138231,0,31-35,100.0,78.472,33.0,4,3
138332,1,26-30,80.0,86.111,28.0,3,2
138534,1,22-25,97.188,87.326,23.5,3,1
138837,1,22-25,60.312,71.701,23.5,3,1
139233,0,31-35,94.062,71.875,33.0,4,3
139435,0,26-30,81.875,89.931,28.0,3,2
139637,0,31-35,93.125,85.937,33.0,4,3
139839,1,26-30,97.5,96.354,28.0,3,2
140117,0,26-30,85.312,87.5,28.0,3,2
140319,0,36+,91.562,72.396,36.5,4,4
140420,0,26-30,87.188,77.083,28.0,3,2
140723,1,31-35,,,33.0,4,3
140824,1,31-35,91.25,79.861,33.0,4,3
140925,0,22-25,80.313,74.132,23.5,3,1
141119,1,26-30,75.938,92.535,28.0,3,2
141422,0,31-35,100.0,81.944,33.0,4,3
141624,0,22-25,,,23.5,3,1
141826,0,26-30,65.625,72.917,28.0,3,2
142424,1,26-30,77.188,46.528,28.0,3,2
142828,1,31-35,97.5,89.757,33.0,4,3
143224,0,26-30,89.688,81.076,28.0,3,2
143325,0,31-35,89.375,73.437,33.0,4,3
143426,0,26-30,100.0,89.931,28.0,3,2
143527,1,26-30,,,28.0,3,2
143830,0,26-30,91.562,90.104,28.0,3,2
144125,0,31-35,70.312,63.715,33.0,4,3
144226,0,31-35,69.688,74.826,33.0,4,3
144428,1,22-25,93.125,96.354,23.5,3,1
144731,0,26-30,97.5,89.757,28.0,3,2
144832,0,22-25,87.188,88.542,23.5,3,1
144933,1,26-30,88.125,85.937,28.0,3,2
145127,1,22-25,100.0,80.729,23.5,3,1
145531,1,31-35,90.312,59.722,33.0,4,3
145632,1,26-30,97.5,94.965,28.0,3,2
145834,0,26-30,95.625,82.639,28.0,3,2
146129,1,22-25,85.0,,23.5,3,1
146331,0,26-30,83.438,66.667,28.0,3,2
146432,1,31-35,92.5,77.431,33.0,4,3
146533,1,26-30,96.562,92.535,28.0,3,2
146634,0,26-30,,,28.0,3,2
146735,0,31-35,94.688,75.868,33.0,4,3
146836,1,26-30,91.25,73.437,28.0,3,2
146937,0,31-35,100.0,83.507,33.0,4,3
147030,1,26-30,56.562,90.104,28.0,3,2
147636,0,22-25,95.0,77.083,23.5,3,1
147737,0,31-35,95.0,93.924,33.0,4,3
148032,0,31-35,88.125,92.708,33.0,4,3
148133,0,26-30,100.0,96.354,28.0,3,2
148234,0,26-30,,,28.0,3,2
148335,0,31-35,80.937,60.59,33.0,4,3
148436,1,26-30,89.688,88.889,28.0,3,2
148840,0,22-25,100.0,92.535,23.5,3,1
148941,1,26-30,84.688,79.688,28.0,3,2
149236,0,22-25,100.0,97.569,23.5,3,1
149337,1,31-35,99.062,87.5,33.0,4,3
149539,1,22-25,97.5,96.354,23.5,3,1
149741,1,26-30,91.562,91.146,28.0,3,2
149842,0,31-35,72.5,86.111,33.0,4,3
150019,1,26-30,95.625,89.931,28.0,3,2
150423,0,26-30,79.375,76.215,28.0,3,2
150524,0,26-30,99.062,86.111,28.0,3,2
150625,1,26-30,95.625,84.722,28.0,3,2
150726,1,22-25,99.062,93.75,23.5,3,1
150928,1,22-25,99.062,93.924,23.5,3,1
151021,1,31-35,80.312,87.5,33.0,4,3
151223,0,26-30,90.625,74.826,28.0,3,2
151324,1,22-25,95.0,78.299,23.5,3,1
151425,0,26-30,99.062,86.111,28.0,3,2
151526,1,26-30,86.25,78.472,28.0,3,2
151627,0,26-30,85.625,82.292,28.0,3,2
151728,1,31-35,95.625,83.681,33.0,4,3
151829,0,31-35,85.312,82.292,33.0,4,3
151930,1,31-35,97.5,98.785,33.0,4,3
152225,1,31-35,100.0,97.569,33.0,4,3
152427,0,31-35,100.0,83.507,33.0,4,3
152831,1,26-30,94.062,89.931,28.0,3,2
152932,0,22-25,,,23.5,3,1
153025,0,22-25,92.812,77.431,23.5,3,1
153126,0,26-30,100.0,73.611,28.0,3,2
153227,0,31-35,95.625,60.069,33.0,4,3
153429,1,31-35,98.125,97.569,33.0,4,3
153631,0,22-25,96.562,79.861,23.5,3,1
153732,0,26-30,57.5,,28.0,3,2
153833,0,22-25,94.375,78.646,23.5,3,1
153934,1,26-30,99.062,88.542,28.0,3,2
154229,0,22-25,99.062,88.715,23.5,3,1
154330,1,26-30,97.5,92.535,28.0,3,2
154431,0,26-30,75.0,82.639,28.0,3,2
154532,1,26-30,91.562,85.069,28.0,3,2
154734,1,31-35,92.188,81.25,33.0,4,3
154835,0,31-35,91.562,83.333,33.0,4,3
154936,1,26-30,93.125,68.924,28.0,3,2
155231,0,31-35,88.75,77.257,33.0,4,3
155635,0,26-30,100.0,96.354,28.0,3,2
155938,1,26-30,95.0,83.507,28.0,3,2
156031,0,26-30,91.562,97.569,28.0,3,2
156233,0,22-25,62.812,62.153,23.5,3,1
156334,0,26-30,97.5,88.368,28.0,3,2
156435,1,22-25,100.0,100.0,23.5,3,1
156536,1,22-25,97.5,81.944,23.5,3,1
156637,1,31-35,93.125,91.319,33.0,4,3
157235,1,31-35,,,33.0,4,3
157336,0,31-35,97.5,91.146,33.0,4,3
157437,0,26-30,88.75,86.285,28.0,3,2
157942,0,36+,93.125,86.111,36.5,4,4
158035,0,26-30,96.562,71.875,28.0,3,2
158136,1,31-35,87.188,52.431,33.0,4,3
158338,1,22-25,100.0,88.542,23.5,3,1
158540,1,31-35,94.062,92.535,33.0,4,3
158843,1,26-30,90.625,66.84,28.0,3,2
159138,1,31-35,56.562,86.111,33.0,4,3
159239,0,31-35,86.875,78.472,33.0,4,3
159340,1,26-30,92.5,74.653,28.0,3,2
159441,0,26-30,81.875,75.174,28.0,3,2
159744,1,31-35,96.562,91.146,33.0,4,3
159845,0,31-35,63.125,71.354,33.0,4,3
159946,1,26-30,100.0,94.965,28.0,3,2
160123,1,31-35,64.688,85.069,33.0,4,3
160729,0,22-25,100.0,100.0,23.5,3,1
160830,0,26-30,92.5,81.076,28.0,3,2
160931,0,31-35,59.062,85.764,33.0,4,3
161327,0,26-30,76.875,69.965,28.0,3,2
161630,0,26-30,93.125,97.569,28.0,3,2
161731,0,31-35,99.062,93.75,33.0,4,3
161832,1,26-30,90.625,79.687,28.0,3,2
162026,0,31-35,97.5,84.722,33.0,4,3
162228,1,22-25,97.5,87.326,23.5,3,1
162329,0,26-30,69.375,81.076,28.0,3,2
162733,0,26-30,83.75,78.299,28.0,3,2
162834,0,26-30,,,28.0,3,2
162935,1,22-25,87.188,91.146,23.5,3,1
163129,1,26-30,84.062,69.792,28.0,3,2
163331,1,31-35,95.0,82.639,33.0,4,3
163432,0,31-35,94.062,91.319,33.0,4,3
163836,0,31-35,61.562,62.326,33.0,4,3
164030,1,31-35,97.5,93.75,33.0,4,3
164131,1,26-30,96.562,94.965,28.0,3,2
164636,1,22-25,94.062,93.75,23.5,3,1
164939,0,26-30,91.25,77.257,28.0,3,2
165032,1,22-25,100.0,97.569,23.5,3,1
165234,0,22-25,100.0,87.153,23.5,3,1
165436,1,26-30,92.188,92.535,28.0,3,2
165638,1,26-30,91.562,85.069,28.0,3,2
165840,1,31-35,98.125,77.083,33.0,4,3
165941,0,26-30,97.188,72.396,28.0,3,2
166438,1,31-35,100.0,88.368,33.0,4,3
166640,1,22-25,73.125,78.646,23.5,3,1
167036,0,26-30,99.062,64.931,28.0,3,2
167238,0,31-35,94.062,92.535,33.0,4,3
167440,0,26-30,86.562,64.062,28.0,3,2
167743,0,26-30,56.562,73.437,28.0,3,2
168038,1,26-30,,,28.0,3,2
168139,1,22-25,88.125,89.931,23.5,3,1
168240,1,26-30,48.438,95.139,28.0,3,2
168341,1,31-35,86.25,89.931,33.0,4,3
168745,0,22-25,92.188,82.118,23.5,3,1
168947,0,26-30,88.75,68.056,28.0,3,2
169040,1,22-25,79.375,92.535,23.5,3,1
169141,1,22-25,94.688,95.139,23.5,3,1
169343,0,31-35,50.625,61.979,33.0,4,3
169444,0,26-30,96.562,84.722,28.0,3,2
169545,1,22-25,90.625,97.396,23.5,3,1
169747,0,26-30,78.438,65.625,28.0,3,2
169949,1,26-30,100.0,87.674,28.0,3,2
170631,0,31-35,81.25,85.938,33.0,4,3
170934,0,26-30,96.562,84.722,28.0,3,2
171128,0,36+,89.688,68.403,36.5,4,4
171330,1,26-30,75.625,77.257,28.0,3,2
171431,0,26-30,96.562,74.653,28.0,3,2
171532,0,31-35,84.688,84.722,33.0,4,3
171633,1,26-30,92.5,100.0,28.0,3,2
171734,0,26-30,96.562,89.583,28.0,3,2
172029,1,26-30,95.0,72.569,28.0,3,2
172130,1,26-30,87.813,97.569,28.0,3,2
172332,0,26-30,97.5,56.076,28.0,3,2
172433,1,22-25,94.062,82.118,23.5,3,1
172534,0,22-25,99.062,83.681,23.5,3,1
172635,1,31-35,96.562,91.146,33.0,4,3
172938,0,31-35,56.562,66.319,33.0,4,3
173132,1,31-35,92.5,87.5,33.0,4,3
173233,1,26-30,60.0,90.972,28.0,3,2
173334,1,26-30,100.0,95.139,28.0,3,2
173435,0,26-30,97.5,92.535,28.0,3,2
173536,0,31-35,100.0,88.715,33.0,4,3
173637,0,22-25,83.125,83.333,23.5,3,1
173738,1,31-35,97.5,77.431,33.0,4,3
173839,0,22-25,85.938,63.715,23.5,3,1
173940,0,26-30,89.688,88.889,28.0,3,2
174437,0,31-35,66.875,63.368,33.0,4,3
174841,1,22-25,100.0,89.931,23.5,3,1
175035,1,22-25,52.812,63.715,23.5,3,1
175136,0,22-25,93.125,87.5,23.5,3,1
175237,0,31-35,100.0,96.181,33.0,4,3
175338,0,22-25,95.0,89.931,23.5,3,1
175439,0,31-35,96.562,79.861,33.0,4,3
175540,1,31-35,91.562,90.104,33.0,4,3
175742,0,31-35,97.5,83.333,33.0,4,3
175944,1,26-30,,,28.0,3,2
176037,0,26-30,88.125,87.326,28.0,3,2
176239,1,31-35,71.25,58.507,33.0,4,3
176441,1,26-30,97.5,93.75,28.0,3,2
176542,0,26-30,84.375,72.396,28.0,3,2
176744,1,31-35,89.375,92.535,33.0,4,3
176845,0,26-30,84.063,61.111,28.0,3,2
177140,0,31-35,83.125,80.903,33.0,4,3
177241,1,26-30,99.062,84.549,28.0,3,2
177342,1,22-25,93.125,90.278,23.5,3,1
177645,0,26-30,97.5,89.931,28.0,3,2
177746,0,26-30,90.625,92.708,28.0,3,2
178142,0,26-30,95.0,87.153,28.0,3,2
178243,1,22-25,82.188,87.326,23.5,3,1
178647,0,31-35,81.875,66.667,33.0,4,3
178748,1,31-35,84.688,70.833,33.0,4,3
178849,1,22-25,97.5,92.535,23.5,3,1
178950,1,31-35,97.5,97.569,33.0,4,3
179043,0,26-30,,,28.0,3,2
179245,0,31-35,90.625,91.146,33.0,4,3
179346,0,26-30,93.125,84.722,28.0,3,2
179548,0,26-30,79.375,89.931,28.0,3,2
179952,0,26-30,66.25,61.979,28.0,3,2
180129,0,26-30,84.688,73.611,28.0,3,2
180230,0,26-30,97.5,91.146,28.0,3,2
180432,0,31-35,99.062,91.319,33.0,4,3
180533,0,31-35,93.75,92.361,33.0,4,3
180735,0,31-35,86.875,67.187,33.0,4,3
180836,0,31-35,91.25,62.847,33.0,4,3
180937,1,36+,100.0,94.965,36.5,4,4
181131,0,31-35,53.75,37.153,33.0,4,3
181232,0,26-30,77.5,78.472,28.0,3,2
181636,0,31-35,63.125,73.438,33.0,4,3
182032,0,31-35,81.25,87.674,33.0,4,3
182436,0,31-35,79.375,66.84,33.0,4,3
182739,0,26-30,87.188,82.118,28.0,3,2
182840,1,31-35,97.5,69.618,33.0,4,3
183034,1,31-35,100.0,88.889,33.0,4,3
183337,0,31-35,58.125,76.563,33.0,4,3
183741,1,31-35,95.0,87.674,33.0,4,3
184642,0,31-35,,,33.0,4,3
185038,1,31-35,100.0,62.847,33.0,4,3
185139,0,31-35,96.562,92.188,33.0,4,3
185341,0,22-25,95.625,61.285,23.5,3,1
185442,1,22-25,96.562,85.243,23.5,3,1
185846,1,26-30,84.375,85.069,28.0,3,2
185947,0,26-30,97.5,92.361,28.0,3,2
186040,1,26-30,96.562,94.965,28.0,3,2
186141,1,31-35,88.125,71.528,33.0,4,3
186242,1,26-30,,,28.0,3,2
186444,0,22-25,93.125,77.431,23.5,3,1
186545,0,31-35,85.312,87.5,33.0,4,3
186848,0,26-30,94.063,82.639,28.0,3,2
186949,1,22-25,70.625,82.639,23.5,3,1
187143,1,26-30,94.062,91.319,28.0,3,2
187345,0,31-35,97.5,96.181,33.0,4,3
187547,0,31-35,60.625,94.965,33.0,4,3
187850,1,22-25,100.0,94.965,23.5,3,1
188145,0,31-35,95.0,93.576,33.0,4,3
188246,1,26-30,,,28.0,3,2
188347,0,26-30,94.062,74.653,28.0,3,2
188448,0,22-25,100.0,96.354,23.5,3,1
188549,1,22-25,93.125,88.542,23.5,3,1
188751,1,26-30,100.0,94.965,28.0,3,2
189349,0,26-30,97.5,92.361,28.0,3,2
189450,1,22-25,95.0,64.931,23.5,3,1
189551,0,31-35,,,33.0,4,3
189652,1,26-30,100.0,86.111,28.0,3,2
190031,0,26-30,97.5,100.0,28.0,3,2
190132,0,31-35,,,33.0,4,3
190940,1,31-35,,,33.0,4,3
191033,0,26-30,90.313,85.069,28.0,3,2
191235,1,22-25,94.062,89.931,23.5,3,1
191336,1,26-30,96.562,96.354,28.0,3,2
191437,0,31-35,93.125,78.646,33.0,4,3
191639,1,22-25,,,23.5,3,1
191841,0,26-30,88.125,83.507,28.0,3,2
191942,1,26-30,95.0,90.104,28.0,3,2
192035,0,26-30,75.938,69.271,28.0,3,2
192136,1,22-25,73.125,81.424,23.5,3,1
192237,0,31-35,92.813,65.451,33.0,4,3
192439,0,31-35,93.125,58.854,33.0,4,3
192540,0,26-30,100.0,95.139,28.0,3,2
192641,0,31-35,86.25,81.25,33.0,4,3
192843,1,26-30,100.0,88.542,28.0,3,2
193239,0,26-30,92.188,74.653,28.0,3,2
193441,1,26-30,86.25,78.646,28.0,3,2
193845,1,22-25,89.062,92.361,23.5,3,1
194140,0,26-30,87.188,58.854,28.0,3,2
194443,1,26-30,100.0,84.549,28.0,3,2
194645,1,26-30,97.5,87.326,28.0,3,2
194746,1,31-35,93.125,75.694,33.0,4,3
194847,0,31-35,86.875,87.326,33.0,4,3
194948,0,31-35,,,33.0,4,3
195041,0,31-35,93.125,96.354,33.0,4,3
195445,0,26-30,91.562,92.361,28.0,3,2
195647,0,31-35,84.062,59.896,33.0,4,3
195849,1,22-25,99.062,92.361,23.5,3,1
195950,1,26-30,58.438,76.736,28.0,3,2
196144,0,31-35,96.562,66.84,33.0,4,3
196346,1,26-30,100.0,97.569,28.0,3,2
196548,1,22-25,,,23.5,3,1
196750,0,26-30,87.188,81.25,28.0,3,2
196851,1,26-30,95.625,96.354,28.0,3,2
196952,0,26-30,79.375,77.083,28.0,3,2
197348,0,26-30,99.062,96.354,28.0,3,2
197449,0,22-25,,,23.5,3,1
197550,0,26-30,95.625,70.66,28.0,3,2
197651,0,31-35,,,33.0,4,3
197954,0,31-35,,,33.0,4,3
198047,0,26-30,90.625,74.479,28.0,3,2
198249,1,26-30,99.062,76.042,28.0,3,2
198350,1,31-35,91.562,95.139,33.0,4,3
198451,1,26-30,88.75,90.104,28.0,3,2
198653,1,22-25,97.5,93.576,23.5,3,1
198855,1,26-30,91.562,56.424,28.0,3,2
199150,0,26-30,91.562,68.056,28.0,3,2
199251,0,31-35,99.062,88.715,33.0,4,3
199352,0,22-25,99.062,80.903,23.5,3,1
199453,1,22-25,100.0,93.924,23.5,3,1
199554,1,31-35,,,33.0,4,3
199655,1,31-35,89.688,92.535,33.0,4,3
199958,1,31-35,85.938,63.368,33.0,4,3
200008,0,26-30,100.0,98.785,28.0,3,2
200109,0,31-35,100.0,98.785,33.0,4,3
200210,1,26-30,100.0,92.361,28.0,3,2
200311,1,31-35,92.5,78.993,33.0,4,3
200513,1,22-25,100.0,79.167,23.5,3,1
200614,0,31-35,93.125,80.035,33.0,4,3
200816,0,26-30,,,28.0,3,2
200917,0,22-25,89.062,88.715,23.5,3,1
201111,1,26-30,92.812,48.611,28.0,3,2
201414,0,22-25,93.125,83.681,23.5,3,1
201515,1,26-30,93.75,89.757,28.0,3,2
201717,1,22-25,94.688,74.479,23.5,3,1
201818,0,26-30,55.625,81.597,28.0,3,2
202113,0,22-25,95.625,89.757,23.5,3,1
202719,1,22-25,80.312,78.472,23.5,3,1
202820,0,36+,75.938,71.181,36.5,4,4
203418,1,26-30,98.125,92.361,28.0,3,2
203721,0,31-35,,,33.0,4,3
203923,0,26-30,82.812,74.826,28.0,3,2
204016,0,22-25,88.75,74.479,23.5,3,1
204117,0,26-30,,,28.0,3,2
204218,1,26-30,80.312,90.972,28.0,3,2
204319,0,26-30,95.0,96.181,28.0,3,2
204420,0,26-30,90.625,87.153,28.0,3,2
204521,0,31-35,85.312,81.076,33.0,4,3
204622,0,26-30,95.625,89.931,28.0,3,2
205119,1,31-35,97.5,86.285,33.0,4,3
205220,0,26-30,95.0,80.729,28.0,3,2
205725,0,22-25,94.063,83.507,23.5,3,1
205826,1,31-35,97.188,88.715,33.0,4,3
206222,1,26-30,100.0,89.931,28.0,3,2
206323,0,31-35,77.5,68.576,33.0,4,3
206525,1,26-30,96.562,90.104,28.0,3,2
206727,1,22-25,84.688,81.076,23.5,3,1
206828,1,22-25,99.062,97.569,23.5,3,1
206929,1,31-35,96.562,86.979,33.0,4,3
207123,1,26-30,100.0,89.931,28.0,3,2
207426,1,26-30,96.562,78.646,28.0,3,2
207628,1,31-35,,,33.0,4,3
208024,0,31-35,99.062,96.354,33.0,4,3
208125,0,26-30,94.063,87.326,28.0,3,2
208226,0,22-25,100.0,92.361,23.5,3,1
208327,1,26-30,87.812,88.715,28.0,3,2
208428,0,31-35,,,33.0,4,3
208630,1,31-35,92.5,72.222,33.0,4,3
208832,0,31-35,,,33.0,4,3
209127,0,31-35,90.625,94.965,33.0,4,3
209228,0,26-30,94.062,92.708,28.0,3,2
209329,0,31-35,64.062,95.139,33.0,4,3
209531,0,36+,89.688,87.5,36.5,4,4
209834,0,26-30,85.938,58.507,28.0,3,2
209935,1,22-25,99.062,64.757,23.5,3,1
210011,1,22-25,97.5,96.181,23.5,3,1
210112,1,22-25,94.688,91.146,23.5,3,1
210415,0,26-30,91.25,87.5,28.0,3,2
210617,0,31-35,88.125,62.153,33.0,4,3
211114,0,26-30,84.375,62.153,28.0,3,2
211215,1,26-30,100.0,96.181,28.0,3,2
211316,0,31-35,84.062,70.312,33.0,4,3
211417,1,36+,95.0,87.326,36.5,4,4
211518,0,22-25,,,23.5,3,1
211619,1,26-30,99.062,92.535,28.0,3,2
211720,1,31-35,59.687,72.049,33.0,4,3
211821,1,26-30,100.0,89.931,28.0,3,2
211922,0,26-30,76.875,87.5,28.0,3,2
212015,1,22-25,91.562,94.965,23.5,3,1
212116,1,26-30,84.375,76.042,28.0,3,2
212217,0,22-25,80.312,71.354,23.5,3,1
212318,0,31-35,86.25,86.111,33.0,4,3
212419,0,26-30,96.562,97.396,28.0,3,2
212520,0,31-35,,,33.0,4,3
212823,1,22-25,97.5,94.965,23.5,3,1
212924,0,26-30,,,28.0,3,2
213017,1,22-25,94.062,96.354,23.5,3,1
213421,0,26-30,58.125,76.042,28.0,3,2
213522,1,26-30,95.0,91.319,28.0,3,2
214019,0,31-35,77.5,76.215,33.0,4,3
214221,0,22-25,76.25,60.069,23.5,3,1
214423,1,22-25,54.688,79.861,23.5,3,1
214524,1,22-25,98.125,92.361,23.5,3,1
214625,0,31-35,89.688,94.965,33.0,4,3
214726,1,22-25,100.0,98.785,23.5,3,1
217126,1,22-25,55.938,61.806,23.5,3,1
217429,0,31-35,79.375,70.486,33.0,4,3
218128,1,26-30,,,28.0,3,2
219231,1,26-30,92.188,83.16,28.0,3,2
220721,1,26-30,94.687,91.146,28.0,3,2
221218,0,26-30,52.188,57.118,28.0,3,2
221319,0,26-30,61.562,65.972,28.0,3,2
223929,1,31-35,97.5,96.181,33.0,4,3
224022,0,26-30,98.125,68.576,28.0,3,2
227432,1,31-35,91.25,88.715,33.0,4,3
227533,0,31-35,99.062,87.5,33.0,4,3
228434,0,22-25,100.0,88.542,23.5,3,1
230926,0,26-30,,,28.0,3,2
231928,0,26-30,81.875,82.292,28.0,3,2
233326,1,31-35,100.0,100.0,33.0,4,3
235128,0,26-30,,,28.0,3,2
236130,0,26-30,93.125,89.931,28.0,3,2
237334,0,22-25,89.688,84.722,23.5,3,1
238033,1,31-35,85.938,75.0,33.0,4,3
239136,0,26-30,73.438,69.271,28.0,3,2
239944,0,31-35,95.625,64.41,33.0,4,3
245333,0,31-35,90.625,93.75,33.0,4,3
246133,0,26-30,88.75,79.687,28.0,3,2
248238,0,31-35,96.25,91.319,33.0,4,3
248339,1,26-30,86.563,89.757,28.0,3,2
249947,0,31-35,88.125,81.944,33.0,4,3
250427,0,31-35,83.75,80.903,33.0,4,3
250932,0,31-35,88.75,94.965,33.0,4,3
251833,1,31-35,55.625,91.146,33.0,4,3
255639,0,26-30,95.625,82.292,28.0,3,2
255740,0,26-30,87.813,87.674,28.0,3,2
256540,0,22-25,100.0,94.965,23.5,3,1
257542,0,26-30,99.062,86.285,28.0,3,2
257845,1,26-30,97.5,81.25,28.0,3,2
257946,0,26-30,95.625,76.389,28.0,3,2
263032,0,22-25,,,23.5,3,1
263436,0,31-35,94.688,85.069,33.0,4,3
268749,1,26-30,97.5,88.715,28.0,3,2
268850,0,22-25,65.312,68.229,23.5,3,1
270332,1,31-35,94.687,95.139,33.0,4,3
274542,0,26-30,90.625,60.59,28.0,3,2
275645,1,22-25,95.0,86.285,23.5,3,1
280739,0,31-35,91.562,82.118,33.0,4,3
280941,0,26-30,89.062,82.292,28.0,3,2
281135,1,26-30,88.75,64.757,28.0,3,2
283543,1,22-25,93.125,96.181,23.5,3,1
284646,1,26-30,68.125,71.181,28.0,3,2
285345,0,31-35,85.0,79.688,33.0,4,3
285446,1,31-35,95.625,91.319,33.0,4,3
286347,0,26-30,93.75,91.319,28.0,3,2
286650,1,26-30,63.125,78.472,28.0,3,2
287248,0,26-30,25.0,,28.0,3,2
289555,0,31-35,77.5,60.938,33.0,4,3
290136,0,26-30,99.062,96.181,28.0,3,2
293748,0,31-35,96.562,83.507,33.0,4,3
295146,0,26-30,78.438,63.542,28.0,3,2
297655,0,31-35,100.0,88.889,33.0,4,3
298051,0,31-35,81.875,86.979,33.0,4,3
298455,1,22-25,59.063,83.507,23.5,3,1
299154,1,22-25,98.125,96.354,23.5,3,1
299760,1,26-30,89.688,96.181,28.0,3,2
300618,1,22-25,100.0,93.924,23.5,3,1
300719,1,26-30,100.0,91.146,28.0,3,2
303119,0,26-30,99.062,88.368,28.0,3,2
303624,1,31-35,94.062,88.542,33.0,4,3
304020,1,31-35,95.625,74.653,33.0,4,3
304727,0,31-35,69.375,66.84,33.0,4,3
305830,0,22-25,92.812,88.715,23.5,3,1
307127,0,31-35,61.25,70.486,33.0,4,3
308129,1,22-25,94.062,93.576,23.5,3,1
308331,1,26-30,82.187,57.639,28.0,3,2
309636,0,26-30,90.312,81.076,28.0,3,2
310621,0,31-35,96.562,79.861,33.0,4,3
311320,1,26-30,80.938,59.201,28.0,3,2
314225,1,22-25,82.812,73.09,23.5,3,1
316633,0,26-30,93.125,91.319,28.0,3,2
316835,0,26-30,92.188,92.361,28.0,3,2
317332,1,26-30,94.062,92.535,28.0,3,2
318637,1,26-30,96.562,73.785,28.0,3,2
320826,0,31-35,91.562,88.889,33.0,4,3
321323,0,31-35,100.0,88.542,33.0,4,3
322224,0,31-35,92.188,79.861,33.0,4,3
325129,1,31-35,92.5,87.5,33.0,4,3
329440,1,26-30,100.0,94.965,28.0,3,2
329844,1,26-30,92.188,81.424,28.0,3,2
330324,1,26-30,97.5,96.354,28.0,3,2
333330,0,31-35,93.125,87.674,33.0,4,3
334635,0,22-25,82.812,71.701,23.5,3,1
336841,1,26-30,96.25,88.542,28.0,3,2
339847,0,26-30,100.0,88.889,28.0,3,2
341733,0,31-35,,,33.0,4,3
341834,1,26-30,92.188,89.931,28.0,3,2
341935,0,26-30,,,28.0,3,2
342129,1,26-30,92.188,81.25,28.0,3,2
346137,1,26-30,97.5,79.861,28.0,3,2
346945,0,22-25,89.688,79.687,23.5,3,1
348545,1,22-25,65.625,92.361,23.5,3,1
349244,1,26-30,96.562,91.146,28.0,3,2
350330,0,22-25,96.562,95.139,23.5,3,1
351938,0,22-25,97.5,89.757,23.5,3,1
352132,1,26-30,95.0,79.688,28.0,3,2
352738,1,31-35,91.25,88.542,33.0,4,3
353740,1,22-25,100.0,94.965,23.5,3,1
354439,0,26-30,,,28.0,3,2
354944,1,22-25,,,23.5,3,1
355239,0,26-30,77.812,63.715,28.0,3,2
355542,0,26-30,,,28.0,3,2
355845,0,26-30,,,28.0,3,2
356948,0,26-30,96.562,82.292,28.0,3,2
358144,0,26-30,92.188,86.285,28.0,3,2
360030,0,31-35,92.188,91.319,33.0,4,3
361234,0,31-35,96.562,69.444,33.0,4,3
361941,1,26-30,100.0,92.361,28.0,3,2
362034,0,31-35,61.562,71.181,33.0,4,3
365343,0,26-30,93.125,88.889,28.0,3,2
366042,0,26-30,96.562,87.674,28.0,3,2
366446,1,22-25,74.063,85.069,23.5,3,1
368551,1,26-30,100.0,82.292,28.0,3,2
368753,0,31-35,95.625,91.319,33.0,4,3
370740,0,26-30,,,28.0,3,2
371843,0,31-35,74.688,72.049,33.0,4,3
373039,0,26-30,,,28.0,3,2
376247,0,26-30,87.812,96.354,28.0,3,2
377451,0,26-30,95.0,89.931,28.0,3,2
378756,1,26-30,91.562,91.146,28.0,3,2
378857,0,31-35,86.25,76.042,33.0,4,3
379657,0,26-30,58.75,78.646,28.0,3,2
380036,1,26-30,97.5,93.576,28.0,3,2
381038,0,26-30,83.438,70.139,28.0,3,2
381543,0,22-25,95.0,96.354,23.5,3,1
382242,0,31-35,85.312,92.535,33.0,4,3
382545,1,31-35,,,33.0,4,3
384448,1,31-35,,,33.0,4,3
385046,1,26-30,89.688,81.076,28.0,3,2
385450,1,26-30,92.188,92.361,28.0,3,2
386250,1,22-25,94.062,83.507,23.5,3,1
387959,1,26-30,95.0,82.292,28.0,3,2
389357,0,26-30,92.5,86.111,28.0,3,2
390645,0,26-30,86.25,76.736,28.0,3,2
391748,0,31-35,93.125,93.75,33.0,4,3
392447,1,31-35,53.125,91.146,33.0,4,3
392750,1,31-35,100.0,93.576,33.0,4,3
393247,0,31-35,80.0,82.639,33.0,4,3
393550,1,26-30,94.062,87.153,28.0,3,2
394956,0,26-30,85.312,91.146,28.0,3,2
395251,0,26-30,100.0,85.937,28.0,3,2
395756,0,31-35,96.562,72.049,33.0,4,3
395958,1,26-30,78.75,66.319,28.0,3,2
397154,0,26-30,97.5,97.569,28.0,3,2
397760,1,31-35,89.688,87.326,33.0,4,3
397861,1,31-35,93.125,88.542,33.0,4,3
398964,0,31-35,,,33.0,4,3
401422,0,31-35,100.0,88.715,33.0,4,3
403628,0,26-30,,,28.0,3,2
406432,1,26-30,78.75,69.271,28.0,3,2
406836,0,31-35,100.0,97.569,33.0,4,3
412528,0,31-35,77.5,57.986,33.0,4,3
413934,0,31-35,88.75,72.222,33.0,4,3
414229,1,31-35,100.0,97.569,33.0,4,3
415837,0,22-25,100.0,89.931,23.5,3,1
419239,0,26-30,55.312,85.243,28.0,3,2
421226,1,31-35,94.062,93.75,33.0,4,3
422632,0,22-25,80.938,67.361,23.5,3,1
424939,1,26-30,98.125,92.535,28.0,3,2
429040,0,31-35,93.125,87.326,33.0,4,3
432332,0,31-35,97.5,89.931,33.0,4,3
433839,1,26-30,100.0,95.139,28.0,3,2
435136,1,31-35,,,33.0,4,3
436239,0,26-30,86.25,82.118,28.0,3,2
436845,0,26-30,65.312,49.132,28.0,3,2
441939,0,26-30,86.562,86.632,28.0,3,2
445543,1,26-30,78.438,82.292,28.0,3,2
446545,0,26-30,,,28.0,3,2
448347,1,26-30,100.0,90.972,28.0,3,2
449753,1,22-25,95.625,82.118,23.5,3,1
453441,1,31-35,97.5,86.111,33.0,4,3
453542,0,31-35,85.0,84.028,33.0,4,3
454140,1,31-35,84.375,77.604,33.0,4,3
456346,0,22-25,94.687,88.542,23.5,3,1
457045,0,22-25,,,23.5,3,1
459453,0,26-30,85.625,79.34,28.0,3,2
461743,1,26-30,89.688,84.722,28.0,3,2
462139,0,26-30,96.562,83.681,28.0,3,2
463040,0,31-35,96.562,91.146,33.0,4,3
465852,0,26-30,90.625,81.424,28.0,3,2
467351,1,31-35,97.5,87.326,33.0,4,3
468050,0,31-35,93.125,96.354,33.0,4,3
469961,0,26-30,96.562,96.354,28.0,3,2
473952,0,31-35,91.562,64.236,33.0,4,3
475855,0,26-30,85.312,72.222,28.0,3,2
479762,1,22-25,85.312,65.972,23.5,3,1
480141,0,22-25,78.438,74.653,23.5,3,1
481042,0,31-35,99.062,82.118,33.0,4,3
481143,0,31-35,,,33.0,4,3
481951,0,22-25,81.25,96.181,23.5,3,1
485757,0,31-35,86.25,91.493,33.0,4,3
486759,1,31-35,91.562,87.326,33.0,4,3
492754,0,26-30,90.312,66.493,28.0,3,2
495255,1,31-35,93.125,91.319,33.0,4,3
497764,1,22-25,,,23.5,3,1
497865,1,26-30,67.812,67.361,28.0,3,2
499566,0,26-30,100.0,93.75,28.0,3,2
500222,0,26-30,100.0,88.542,28.0,3,2
506234,1,26-30,100.0,93.576,28.0,3,2
510225,0,26-30,91.562,72.396,28.0,3,2
510326,0,26-30,92.188,76.215,28.0,3,2
512835,1,31-35,50.0,,33.0,4,3
513130,0,26-30,88.75,82.639,28.0,3,2
513736,0,22-25,97.5,93.75,23.5,3,1
516742,1,31-35,96.562,93.75,33.0,4,3
517239,1,22-25,95.0,91.146,23.5,3,1
518746,1,22-25,90.625,62.674,23.5,3,1
519647,1,26-30,85.938,67.361,28.0,3,2
519950,0,31-35,99.062,79.688,33.0,4,3
520228,1,22-25,85.312,60.59,23.5,3,1
521331,0,26-30,100.0,94.965,28.0,3,2
522434,0,26-30,100.0,95.139,28.0,3,2
523032,1,31-35,95.625,69.097,33.0,4,3
524135,1,22-25,88.125,94.965,23.5,3,1
525541,0,26-30,97.5,83.681,28.0,3,2
529549,0,26-30,93.125,75.868,28.0,3,2
529953,1,26-30,96.562,88.715,28.0,3,2
530635,1,26-30,99.062,95.139,28.0,3,2
531536,1,31-35,60.938,87.326,33.0,4,3
531940,0,22-25,90.0,89.931,23.5,3,1
536647,0,31-35,86.25,70.833,33.0,4,3
537952,0,26-30,,,28.0,3,2
540436,1,31-35,92.188,83.681,33.0,4,3
541640,1,26-30,100.0,92.361,28.0,3,2
541943,0,26-30,97.5,83.681,28.0,3,2
545345,1,31-35,90.625,83.507,33.0,4,3
547046,0,26-30,91.25,87.5,28.0,3,2
548250,1,22-25,100.0,97.569,23.5,3,1
549757,0,26-30,76.875,72.396,28.0,3,2
550035,1,26-30,,,28.0,3,2
550439,1,22-25,82.187,84.896,23.5,3,1
551138,0,26-30,,,28.0,3,2
552241,1,22-25,94.062,81.597,23.5,3,1
552544,0,31-35,61.25,63.194,33.0,4,3
553344,0,31-35,85.938,67.361,33.0,4,3
555348,0,31-35,75.937,64.41,33.0,4,3
555651,0,31-35,95.0,77.604,33.0,4,3
555954,1,26-30,91.562,88.715,28.0,3,2
557857,1,22-25,74.062,68.056,23.5,3,1
558657,1,22-25,95.625,79.861,23.5,3,1
558960,0,31-35,89.688,97.569,33.0,4,3
559053,0,31-35,96.562,91.319,33.0,4,3
559457,1,31-35,91.25,92.535,33.0,4,3
561242,0,22-25,90.625,92.535,23.5,3,1
561444,1,22-25,89.688,91.146,23.5,3,1
561949,1,26-30,100.0,96.181,28.0,3,2
562345,0,31-35,87.188,64.236,33.0,4,3
562446,0,31-35,97.5,95.139,33.0,4,3
564046,1,31-35,,,33.0,4,3
565452,0,22-25,94.688,63.368,23.5,3,1
566454,0,26-30,91.562,96.181,28.0,3,2
567052,1,31-35,94.062,93.75,33.0,4,3
567759,0,26-30,97.5,92.535,28.0,3,2
567961,0,22-25,94.688,76.563,23.5,3,1
568963,0,31-35,93.125,86.111,33.0,4,3
569864,0,26-30,,,28.0,3,2
569965,0,31-35,94.062,73.264,33.0,4,3
570243,0,26-30,89.375,86.458,28.0,3,2
571043,0,26-30,,,28.0,3,2
571144,1,22-25,100.0,88.715,23.5,3,1
571548,1,26-30,,,28.0,3,2
572045,0,31-35,80.0,63.194,33.0,4,3
573249,1,26-30,95.625,97.569,28.0,3,2
573451,1,22-25,99.062,96.354,23.5,3,1
574958,1,31-35,,,33.0,4,3
576255,0,31-35,96.562,97.396,33.0,4,3
577762,0,31-35,,,33.0,4,3
578057,0,26-30,74.375,72.396,28.0,3,2
578158,1,26-30,100.0,93.75,28.0,3,2
579665,0,31-35,55.312,56.25,33.0,4,3
579867,0,31-35,76.562,83.854,33.0,4,3
580044,0,26-30,98.125,78.299,28.0,3,2
580347,0,26-30,77.5,79.861,28.0,3,2
580650,0,31-35,96.562,69.618,33.0,4,3
580751,1,22-25,100.0,96.181,23.5,3,1
581349,1,31-35,74.062,83.333,33.0,4,3
581450,1,22-25,100.0,96.181,23.5,3,1
583858,1,31-35,74.375,86.111,33.0,4,3
584355,1,31-35,,,33.0,4,3
585256,0,31-35,90.312,55.382,33.0,4,3
585862,0,26-30,92.812,75.694,28.0,3,2
586460,0,26-30,75.938,80.035,28.0,3,2
587664,0,26-30,92.188,77.257,28.0,3,2
588565,1,31-35,86.25,91.146,33.0,4,3
589567,1,22-25,91.875,91.493,23.5,3,1
590047,1,22-25,99.062,85.937,23.5,3,1
592455,1,31-35,87.188,83.507,33.0,4,3
594156,1,26-30,86.25,70.833,28.0,3,2
597869,1,31-35,98.125,84.722,33.0,4,3
598568,1,26-30,98.125,88.542,28.0,3,2
599065,1,22-25,89.062,91.146,23.5,3,1
599469,0,31-35,92.188,85.069,33.0,4,3
599671,1,26-30,81.875,88.715,28.0,3,2
601127,1,22-25,88.125,94.965,23.5,3,1
604537,1,22-25,94.062,81.25,23.5,3,1
609143,0,31-35,96.562,91.319,33.0,4,3
611231,0,31-35,,,33.0,4,3
611938,1,22-25,98.125,85.937,23.5,3,1
613235,0,26-30,97.5,82.292,28.0,3,2
613538,0,26-30,97.5,92.361,28.0,3,2
614439,0,26-30,87.812,88.542,28.0,3,2
615441,1,22-25,87.187,89.931,23.5,3,1
615744,0,26-30,90.625,86.285,28.0,3,2
616645,1,22-25,100.0,90.278,23.5,3,1
617748,0,26-30,97.5,90.972,28.0,3,2
618952,1,22-25,95.313,96.354,23.5,3,1
620333,0,26-30,,,28.0,3,2
620434,0,26-30,95.313,89.931,28.0,3,2
622236,1,22-25,89.688,84.896,23.5,3,1
623137,0,31-35,96.562,81.076,33.0,4,3
623844,1,26-30,96.562,83.333,28.0,3,2
626648,0,22-25,94.062,71.875,23.5,3,1
627549,0,31-35,74.375,81.25,33.0,4,3
627852,1,26-30,97.5,78.646,28.0,3,2
628248,1,26-30,95.625,87.153,28.0,3,2
630134,0,31-35,,,33.0,4,3
632037,0,22-25,,,23.5,3,1
632845,1,26-30,,,28.0,3,2
633847,0,22-25,89.688,84.722,23.5,3,1
634748,0,22-25,94.062,90.104,23.5,3,1
635245,1,26-30,97.5,92.535,28.0,3,2
638049,0,31-35,94.687,84.896,33.0,4,3
644044,1,31-35,56.875,72.917,33.0,4,3
644246,0,31-35,93.125,79.514,33.0,4,3
645450,0,26-30,94.063,93.75,28.0,3,2
645551,0,22-25,97.5,98.785,23.5,3,1
646048,0,31-35,,,33.0,4,3
647858,1,26-30,91.562,88.715,28.0,3,2
650746,1,26-30,90.312,88.715,28.0,3,2
654350,0,26-30,97.5,93.75,28.0,3,2
654552,0,31-35,90.938,86.111,33.0,4,3
654754,0,31-35,95.625,86.111,33.0,4,3
656253,1,26-30,94.062,92.535,28.0,3,2
656657,1,22-25,85.938,84.722,23.5,3,1
657659,0,22-25,100.0,91.493,23.5,3,1
660951,0,26-30,67.5,,28.0,3,2
662551,1,26-30,47.5,,28.0,3,2
663755,0,22-25,94.063,96.181,23.5,3,1
664757,1,26-30,82.5,62.674,28.0,3,2
665254,0,31-35,90.312,87.326,33.0,4,3
667056,1,22-25,90.625,100.0,23.5,3,1
668361,1,31-35,91.562,86.111,33.0,4,3
671855,1,26-30,99.062,88.715,28.0,3,2
672756,1,31-35,85.312,72.049,33.0,4,3
673455,0,31-35,100.0,83.333,33.0,4,3
675661,1,31-35,100.0,86.285,33.0,4,3
677766,1,26-30,96.562,91.146,28.0,3,2
677968,0,31-35,97.188,83.507,33.0,4,3
679568,0,26-30,97.188,81.944,28.0,3,2
679770,1,26-30,100.0,87.5,28.0,3,2
680250,0,22-25,94.062,84.722,23.5,3,1
680452,0,31-35,67.812,71.181,33.0,4,3
680957,0,26-30,89.375,87.326,28.0,3,2
683256,0,26-30,97.5,77.257,28.0,3,2
685058,1,31-35,100.0,73.958,33.0,4,3
686969,1,22-25,99.062,86.111,23.5,3,1
687062,1,26-30,,,28.0,3,2
687163,1,22-25,99.062,92.361,23.5,3,1
688569,0,26-30,95.312,84.722,28.0,3,2
689369,1,31-35,,,33.0,4,3
689470,1,36+,69.375,77.604,36.5,4,4
690152,1,26-30,93.75,85.069,28.0,3,2
692964,1,22-25,95.625,87.326,23.5,3,1
693461,0,31-35,47.5,,33.0,4,3
693764,1,31-35,97.5,91.146,33.0,4,3
694362,0,22-25,97.188,65.278,23.5,3,1
695768,1,26-30,96.562,78.646,28.0,3,2
696063,0,31-35,,,33.0,4,3
698168,1,22-25,89.688,86.458,23.5,3,1
700634,1,26-30,95.0,79.688,28.0,3,2
701535,0,31-35,95.625,97.569,33.0,4,3
702133,0,31-35,100.0,92.535,33.0,4,3
704238,1,26-30,98.125,89.931,28.0,3,2
705341,1,31-35,99.062,93.75,33.0,4,3
706040,0,22-25,63.125,74.479,23.5,3,1
707244,0,26-30,,,28.0,3,2
707749,1,31-35,68.125,63.542,33.0,4,3
709551,0,31-35,99.062,92.535,33.0,4,3
713239,0,26-30,94.062,89.931,28.0,3,2
715041,0,31-35,64.688,78.299,33.0,4,3
715647,0,31-35,97.5,93.576,33.0,4,3
715950,0,26-30,96.562,91.146,28.0,3,2
720337,1,22-25,96.562,94.965,23.5,3,1
723141,1,31-35,97.5,88.715,33.0,4,3
724446,1,22-25,99.062,73.264,23.5,3,1
725751,1,26-30,96.562,93.75,28.0,3,2
727553,0,26-30,97.5,84.549,28.0,3,2
727654,0,22-25,98.125,69.097,23.5,3,1
728454,1,22-25,100.0,94.965,23.5,3,1
729254,1,22-25,73.75,68.75,23.5,3,1
729355,1,26-30,,,28.0,3,2
729557,0,22-25,63.125,85.069,23.5,3,1
731140,0,31-35,93.125,80.903,33.0,4,3
732243,0,31-35,95.625,80.903,33.0,4,3
733548,0,31-35,,,33.0,4,3
734045,1,22-25,90.625,80.903,23.5,3,1
734247,0,31-35,93.125,78.646,33.0,4,3
735148,1,22-25,85.0,74.653,23.5,3,1
737960,0,22-25,99.062,94.965,23.5,3,1
742549,1,26-30,94.062,84.722,28.0,3,2
743248,1,31-35,,,33.0,4,3
744553,0,31-35,95.625,74.479,33.0,4,3
745555,0,31-35,,,33.0,4,3
748056,1,31-35,,,33.0,4,3
748258,0,22-25,71.562,61.979,23.5,3,1
748662,0,31-35,84.062,91.319,33.0,4,3
749058,1,22-25,96.562,91.146,23.5,3,1
749361,0,26-30,79.062,43.576,28.0,3,2
751348,1,26-30,87.188,93.924,28.0,3,2
751550,0,26-30,92.188,69.792,28.0,3,2
753150,1,22-25,100.0,94.965,23.5,3,1
753251,1,26-30,100.0,93.75,28.0,3,2
756055,1,22-25,96.25,82.639,23.5,3,1
757764,0,36+,99.062,81.25,36.5,4,4
759869,1,31-35,94.062,84.722,33.0,4,3
760551,0,26-30,94.062,83.507,28.0,3,2
761957,0,26-30,91.562,84.549,28.0,3,2
763557,1,26-30,89.688,94.965,28.0,3,2
765056,1,26-30,91.25,93.576,28.0,3,2
765864,0,26-30,60.625,83.681,28.0,3,2
766563,1,26-30,90.625,58.681,28.0,3,2
767464,0,26-30,99.062,93.75,28.0,3,2
769064,1,26-30,100.0,78.646,28.0,3,2
770352,0,26-30,99.062,88.542,28.0,3,2
771354,0,26-30,97.5,96.354,28.0,3,2
773257,1,26-30,99.062,86.111,28.0,3,2
774663,1,26-30,94.062,93.924,28.0,3,2
779370,0,26-30,95.0,86.111,28.0,3,2
782157,1,26-30,,,28.0,3,2
782561,0,31-35,92.188,82.465,33.0,4,3
783462,1,22-25,93.125,89.931,23.5,3,1
784565,0,26-30,82.812,83.681,28.0,3,2
786569,0,31-35,82.812,64.757,33.0,4,3
788674,0,31-35,90.625,54.167,33.0,4,3
788876,0,31-35,98.125,88.368,33.0,4,3
789373,1,26-30,97.5,89.757,28.0,3,2
792564,0,31-35,100.0,86.111,33.0,4,3
792766,1,31-35,95.0,73.438,33.0,4,3
792867,1,36+,88.125,88.889,36.5,4,4
793465,1,22-25,97.5,97.569,23.5,3,1
800941,1,26-30,85.312,76.91,28.0,3,2
802844,0,22-25,64.688,75.347,23.5,3,1
803240,1,22-25,95.625,91.319,23.5,3,1
804646,0,31-35,77.188,68.576,33.0,4,3
809252,0,26-30,100.0,84.722,28.0,3,2
810439,1,26-30,94.063,94.965,28.0,3,2
810843,1,31-35,79.375,96.354,33.0,4,3
812746,1,22-25,95.625,64.236,23.5,3,1
814548,0,31-35,94.062,77.083,33.0,4,3
814649,1,26-30,91.562,93.924,28.0,3,2
815247,1,26-30,94.062,94.792,28.0,3,2
816653,0,22-25,98.125,83.854,23.5,3,1
816855,1,26-30,,,28.0,3,2
818455,1,31-35,100.0,88.542,33.0,4,3
818859,1,31-35,94.062,91.319,33.0,4,3
820745,1,31-35,88.438,77.257,33.0,4,3
822244,0,26-30,96.562,65.451,28.0,3,2
822850,1,26-30,,,28.0,3,2
825048,0,31-35,75.0,,33.0,4,3
825351,1,26-30,,,28.0,3,2
825553,1,26-30,88.75,88.368,28.0,3,2
825654,0,31-35,87.813,74.826,33.0,4,3
826353,0,26-30,94.062,84.722,28.0,3,2
826454,0,26-30,100.0,88.542,28.0,3,2
827052,0,26-30,96.562,90.104,28.0,3,2
828862,0,26-30,87.188,87.326,28.0,3,2
832651,1,22-25,96.25,86.458,23.5,3,1
833148,1,26-30,100.0,59.896,28.0,3,2
833249,0,26-30,100.0,82.118,28.0,3,2
835657,0,31-35,89.062,60.069,33.0,4,3
837560,1,26-30,89.375,61.979,28.0,3,2
837863,1,26-30,,,28.0,3,2
837964,0,31-35,85.625,68.403,33.0,4,3
841349,0,26-30,88.125,82.292,28.0,3,2
843151,1,26-30,89.062,87.326,28.0,3,2
844961,0,31-35,95.625,76.042,33.0,4,3
845458,0,31-35,99.062,68.403,33.0,4,3
849264,0,31-35,94.687,78.646,33.0,4,3
849971,1,22-25,91.25,83.507,23.5,3,1
852455,0,26-30,94.062,91.146,28.0,3,2
856463,0,31-35,81.875,93.75,33.0,4,3
856766,0,31-35,86.25,75.0,33.0,4,3
856968,1,31-35,97.5,89.931,33.0,4,3
857263,1,22-25,58.75,71.528,23.5,3,1
859671,0,31-35,88.75,73.264,33.0,4,3
861456,0,31-35,88.125,84.896,33.0,4,3
865363,1,22-25,94.687,92.535,23.5,3,1
867468,1,22-25,84.375,63.194,23.5,3,1
869472,0,22-25,88.437,78.472,23.5,3,1
870861,1,31-35,98.125,83.854,33.0,4,3
871762,1,26-30,100.0,84.896,28.0,3,2
871964,1,26-30,95.312,87.5,28.0,3,2
872158,0,26-30,89.062,88.715,28.0,3,2
872562,0,31-35,95.625,78.472,33.0,4,3
872764,0,26-30,100.0,90.278,28.0,3,2
873968,0,22-25,97.5,94.792,23.5,3,1
876873,0,26-30,,,28.0,3,2
877168,0,31-35,84.688,79.861,33.0,4,3
877269,0,22-25,60.938,75.347,23.5,3,1
878574,0,26-30,,,28.0,3,2
878776,1,22-25,88.125,87.5,23.5,3,1
878877,1,26-30,96.562,84.722,28.0,3,2
880157,1,31-35,95.625,96.181,33.0,4,3
882161,0,26-30,64.688,82.812,28.0,3,2
884064,0,31-35,88.125,83.854,33.0,4,3
884973,0,31-35,,,33.0,4,3
885975,0,26-30,97.5,87.153,28.0,3,2
886674,1,22-25,97.5,94.965,23.5,3,1
887373,0,31-35,88.75,83.507,33.0,4,3
888678,1,26-30,96.562,100.0,28.0,3,2
889579,1,31-35,87.812,76.042,33.0,4,3
891667,1,26-30,95.0,94.965,28.0,3,2
894067,1,31-35,93.125,84.896,33.0,4,3
894673,0,26-30,91.562,81.076,28.0,3,2
894774,1,26-30,92.188,97.569,28.0,3,2
896778,0,31-35,87.812,91.319,33.0,4,3
896879,1,26-30,77.188,86.111,28.0,3,2
898176,1,31-35,93.75,85.069,33.0,4,3
899885,0,26-30,97.5,90.104,28.0,3,2
901038,1,26-30,97.5,62.847,28.0,3,2
901139,0,26-30,88.75,78.299,28.0,3,2
901442,0,26-30,94.688,86.458,28.0,3,2
902242,0,36+,96.25,83.854,36.5,4,4
904044,0,31-35,98.125,41.319,33.0,4,3
905147,0,36+,97.188,85.069,36.5,4,4
907656,0,31-35,95.0,87.5,33.0,4,3
908860,1,26-30,100.0,96.354,28.0,3,2
910241,1,26-30,97.5,92.361,28.0,3,2
910443,0,26-30,97.5,89.931,28.0,3,2
911849,0,31-35,84.375,87.674,33.0,4,3
912447,1,26-30,83.125,69.444,28.0,3,2
912548,0,31-35,,,33.0,4,3
915554,1,22-25,,,23.5,3,1
917255,1,31-35,87.812,83.681,33.0,4,3
917558,0,31-35,90.312,68.229,33.0,4,3
919158,0,31-35,,,33.0,4,3
919966,0,31-35,96.562,57.465,33.0,4,3
922854,1,26-30,88.125,97.569,28.0,3,2
923755,0,26-30,99.062,83.681,28.0,3,2
926862,1,26-30,80.312,88.715,28.0,3,2
927359,1,22-25,83.75,89.931,23.5,3,1
929464,0,26-30,90.625,84.896,28.0,3,2
930449,0,22-25,88.125,86.111,23.5,3,1
932554,1,26-30,94.688,88.542,28.0,3,2
933253,0,26-30,99.062,89.931,28.0,3,2
937160,1,26-30,94.062,73.785,28.0,3,2
940553,1,22-25,,,23.5,3,1
942658,1,26-30,59.687,86.285,28.0,3,2
943862,1,26-30,97.5,88.715,28.0,3,2
946666,1,31-35,,,33.0,4,3
947668,0,26-30,88.75,85.938,28.0,3,2
951457,0,31-35,83.75,67.882,33.0,4,3
952863,0,22-25,98.125,86.111,23.5,3,1
953764,0,31-35,96.562,78.646,33.0,4,3
955465,1,26-30,91.562,97.569,28.0,3,2
957974,0,26-30,97.5,96.181,28.0,3,2
958976,1,26-30,76.25,69.792,28.0,3,2
959069,1,31-35,,,33.0,4,3
959574,0,26-30,95.625,95.139,28.0,3,2
962058,1,26-30,95.0,81.424,28.0,3,2
965367,1,31-35,100.0,86.458,33.0,4,3
965771,1,31-35,85.312,65.104,33.0,4,3
966975,1,22-25,100.0,93.576,23.5,3,1
969476,1,31-35,99.062,80.035,33.0,4,3
970764,0,22-25,96.562,92.708,23.5,3,1
971160,1,26-30,97.5,90.104,28.0,3,2
972566,0,31-35,97.5,92.361,33.0,4,3
973770,1,22-25,90.938,80.035,23.5,3,1
978578,0,31-35,87.188,61.285,33.0,4,3
979984,0,31-35,97.5,84.896,33.0,4,3
983773,1,26-30,97.5,88.542,28.0,3,2
984472,0,26-30,89.062,97.569,28.0,3,2
987074,1,22-25,94.062,91.146,23.5,3,1
987983,0,26-30,93.125,84.896,28.0,3,2
989987,1,31-35,90.625,82.118,33.0,4,3
990366,1,22-25,91.562,92.361,23.5,3,1
991267,1,26-30,100.0,95.139,28.0,3,2
992673,0,31-35,53.75,83.507,33.0,4,3
992774,1,31-35,99.062,82.639,33.0,4,3
993675,0,26-30,93.75,92.535,28.0,3,2
994273,1,26-30,85.0,76.215,28.0,3,2
995174,1,22-25,92.188,84.896,23.5,3,1
996782,0,26-30,100.0,92.535,28.0,3,2
00011,0,26.25,,,26.25,3,2
00021,0,21.0,,,21.0,2,1
00031,1,23.0,,,23.0,3,1
00041,0,23.5,,,23.5,3,1
00051,1,21.75,,,21.75,2,1
00061,1,24.5,,,24.5,3,1
00071,0,25.5,,,25.5,3,4
00081,1,24.25,,,24.25,3,1
00091,0,21.75,,,21.75,2,1
00101,0,22.0,,,22.0,2,1
00121,0,22.75,,,22.75,3,1
00141,0,23.0,,,23.0,3,1
00151,0,19.5,,,19.5,2,1
00161,1,24.0,,,24.0,3,1
00181,0,23.5,,,23.5,3,1
00191,0,21.75,,,21.75,2,1
00201,0,22.0,,,22.0,2,1
00211,1,24.75,,,24.75,3,1
00221,1,20.75,,,20.75,2,1
00231,0,21.0,,,21.0,2,1
00241,1,19.25,,,19.25,2,1
00251,0,22.5,,,22.5,3,1
00261,1,26.25,,,26.25,3,2
00271,0,20.25,,,20.25,2,1
00281,1,21.0,,,21.0,2,1
00291,0,22.0,,,22.0,2,1
00301,1,21.0,,,21.0,2,1
00321,1,24.75,,,24.75,3,1
00331,0,23.25,,,23.25,3,1
00341,0,21.25,,,21.25,2,1
00351,0,22.5,,,22.5,3,1
00361,0,23.75,,,23.75,3,1
00371,0,25.75,,,25.75,3,4
00381,0,20.25,,,20.25,2,1
00391,0,22.25,,,22.25,3,1
00401,1,20.5,,,20.5,2,1
00411,0,22.5,,,22.5,3,1
00421,1,24.75,,,24.75,3,1
00431,1,22.75,,,22.75,3,1
00441,1,19.0,,,19.0,2,1
00451,1,20.75,,,20.75,2,1
00461,0,20.5,,,20.5,2,1
00471,0,21.25,,,21.25,2,1
00481,0,23.0,,,23.0,3,1
00491,0,24.5,,,24.5,3,1
00501,0,23.5,,,23.5,3,1
00511,0,23.0,,,23.0,3,1
00521,1,23.25,,,23.25,3,1
00531,1,24.75,,,24.75,3,1
00541,1,23.0,,,23.0,3,1
00551,1,21.5,,,21.5,2,1
00561,0,24.25,,,24.25,3,1
00571,0,23.5,,,23.5,3,1
00581,1,21.75,,,21.75,2,1
00591,0,22.25,,,22.25,3,1
00601,1,22.0,,,22.0,2,1
00611,0,19.5,,,19.5,2,1
00621,0,25.5,,,25.5,3,4
00631,0,23.0,,,23.0,3,1
00641,0,21.5,,,21.5,2,1
00651,0,21.0,,,21.0,2,1
00661,1,19.75,,,19.75,2,1
00671,1,23.25,,,23.25,3,1
00681,0,21.0,,,21.0,2,1
00691,0,23.25,,,23.25,3,1
00701,1,22.0,,,22.0,2,1
00711,1,20.5,,,20.5,2,1
00721,0,24.75,,,24.75,3,1
00731,0,22.75,,,22.75,3,1
00741,1,21.25,,,21.25,2,1
00751,1,20.5,,,20.5,2,1
00761,0,25.75,,,25.75,3,4
00771,1,22.25,,,22.25,3,1
00781,1,22.0,,,22.0,2,1
00791,1,24.25,,,24.25,3,1
00801,0,19.75,,,19.75,2,1
00811,1,21.0,,,21.0,2,1
00821,1,23.25,,,23.25,3,1
00831,0,19.75,,,19.75,2,1
00841,0,24.0,,,24.0,3,1
00851,0,24.5,,,24.5,3,1
00861,1,22.75,,,22.75,3,1
00871,0,22.5,,,22.5,3,1
00881,1,18.25,,,18.25,2,1
00891,0,23.5,,,23.5,3,1
00901,0,19.5,,,19.5,2,1
00911,1,22.25,,,22.25,3,1
00921,1,19.25,,,19.25,2,1
00931,1,24.5,,,24.5,3,1
00941,1,23.25,,,23.25,3,1
00951,0,21.75,,,21.75,2,1
00961,0,19.25,,,19.25,2,1
00971,1,21.25,,,21.25,2,1
00981,1,22.75,,,22.75,3,1
00991,1,24.25,,,24.25,3,1
01001,1,18.25,,,18.25,2,1
01011,0,24.75,,,24.75,3,1
01021,1,19.25,,,19.25,2,1
01031,0,22.5,,,22.5,3,1
01041,0,21.25,,,21.25,2,1
01051,0,24.5,,,24.5,3,1
01061,0,22.75,,,22.75,3,1
01071,0,19.75,,,19.75,2,1
01081,1,23.0,,,23.0,3,1
01091,1,22.25,,,22.25,3,1
01101,1,21.25,,,21.25,2,1
01111,0,22.0,,,22.0,2,1
01121,0,22.0,,,22.0,2,1
01131,0,20.25,,,20.25,2,1
01141,0,20.75,,,20.75,2,1
01151,0,21.75,,,21.75,2,1
01161,0,23.5,,,23.5,3,1
01171,0,23.0,,,23.0,3,1
01181,0,20.75,,,20.75,2,1
01191,1,22.25,,,22.25,3,1
01201,0,21.75,,,21.75,2,1
01211,1,23.5,,,23.5,3,1
01221,0,20.0,,,20.0,2,1
01241,0,20.5,,,20.5,2,1
01251,1,20.75,,,20.75,2,1
01261,0,24.75,,,24.75,3,1
01271,0,20.0,,,20.0,2,1
01281,1,22.75,,,22.75,3,1
01291,0,24.5,,,24.5,3,1
01301,0,22.25,,,22.25,3,1
01311,1,25.0,,,25.0,3,1
01321,0,21.75,,,21.75,2,1
01331,0,22.75,,,22.75,3,1
01341,0,23.0,,,23.0,3,1
01351,0,25.0,,,25.0,3,1
01361,0,22.75,,,22.75,3,1
01371,1,19.75,,,19.75,2,1
01381,0,22.0,,,22.0,2,1
01391,0,24.0,,,24.0,3,1
01401,0,20.5,,,20.5,2,1
01411,1,20.0,,,20.0,2,1
01421,0,23.0,,,23.0,3,1
01431,1,19.75,,,19.75,2,1
01441,1,23.0,,,23.0,3,1
01451,0,23.0,,,23.0,3,1
01461,1,18.25,,,18.25,2,1
01471,0,22.25,,,22.25,3,1
01481,1,19.75,,,19.75,2,1
01491,1,22.75,,,22.75,3,1
01501,0,23.25,,,23.25,3,1
01511,1,20.75,,,20.75,2,1
01521,1,21.5,,,21.5,2,1
01531,1,22.75,,,22.75,3,1
01541,1,25.5,,,25.5,3,4
01551,0,25.25,,,25.25,3,4
01571,1,20.5,,,20.5,2,1
01581,1,21.5,,,21.5,2,1
01591,0,18.75,,,18.75,2,1
01601,0,21.75,,,21.75,2,1
01611,1,18.5,,,18.5,2,1
01621,1,18.75,,,18.75,2,1
01631,0,22.25,,,22.25,3,1
01641,0,22.0,,,22.0,2,1
01651,0,21.75,,,21.75,2,1
01661,1,22.5,,,22.5,3,1
01671,1,23.25,,,23.25,3,1
01681,1,23.75,,,23.75,3,1
01691,1,23.5,,,23.5,3,1
01701,0,24.25,,,24.25,3,1
01711,1,23.25,,,23.25,3,1
01721,0,21.75,,,21.75,2,1
01731,1,20.5,,,20.5,2,1
01741,1,19.25,,,19.25,2,1
01751,0,22.5,,,22.5,3,1
01761,1,24.5,,,24.5,3,1
01771,0,24.5,,,24.5,3,1
01781,0,22.75,,,22.75,3,1
01791,1,22.0,,,22.0,2,1
01801,0,23.25,,,23.25,3,1
01811,0,23.25,,,23.25,3,1
01821,0,26.0,,,26.0,3,2
01831,1,20.25,,,20.25,2,1
01841,0,23.5,,,23.5,3,1
01851,1,23.25,,,23.25,3,1
01861,0,20.75,,,20.75,2,1
01871,1,21.5,,,21.5,2,1
01881,1,25.5,,,25.5,3,4
01891,0,19.5,,,19.5,2,1
01901,0,20.0,,,20.0,2,1
01911,1,21.75,,,21.75,2,1
01921,0,24.5,,,24.5,3,1
01931,1,19.5,,,19.5,2,1
01941,0,22.5,,,22.5,3,1
01951,0,23.25,,,23.25,3,1
01961,0,22.75,,,22.75,3,1
01971,0,21.0,,,21.0,2,1
01981,0,21.25,,,21.25,2,1
01991,0,23.0,,,23.0,3,1
02001,0,24.25,,,24.25,3,1
02011,1,22.25,,,22.25,3,1
02021,1,23.5,,,23.5,3,1
02031,0,21.5,,,21.5,2,1
02051,0,22.5,,,22.5,3,1
02061,0,23.0,,,23.0,3,1
02071,0,23.5,,,23.5,3,1
02081,1,20.5,,,20.5,2,1
02091,0,23.0,,,23.0,3,1
02101,0,21.5,,,21.5,2,1
02111,1,22.5,,,22.5,3,1
02121,0,20.5,,,20.5,2,1
02131,1,19.75,,,19.75,2,1
02141,1,19.5,,,19.5,2,1
02151,0,18.25,,,18.25,2,1
02161,0,20.5,,,20.5,2,1
00012,1,25.5,,,25.5,3,4
00022,0,23.25,,,23.25,3,1
00032,0,25.0,,,25.0,3,1
00042,0,20.0,,,20.0,2,1
00052,1,24.75,,,24.75,3,1
00062,1,23.75,,,23.75,3,1
00072,0,19.25,,,19.25,2,1
00082,1,21.0,,,21.0,2,1
00092,0,24.75,,,24.75,3,1
00102,1,24.75,,,24.75,3,1
00112,0,22.75,,,22.75,3,1
00122,0,22.75,,,22.75,3,1
00132,1,20.25,,,20.25,2,1
00142,1,23.25,,,23.25,3,1
00152,0,23.0,,,23.0,3,1
00162,0,20.25,,,20.25,2,1
00172,0,20.5,,,20.5,2,1
00182,1,20.5,,,20.5,2,1
00192,0,21.25,,,21.25,2,1
00202,0,20.0,,,20.0,2,1
00212,0,23.25,,,23.25,3,1
00222,0,21.5,,,21.5,2,1
00232,1,22.75,,,22.75,3,1
00242,1,21.0,,,21.0,2,1
00252,1,25.0,,,25.0,3,1
00262,0,20.25,,,20.25,2,1
00272,0,22.0,,,22.0,2,1
00282,1,21.5,,,21.5,2,1
00292,1,21.75,,,21.75,2,1
00302,1,20.5,,,20.5,2,1
00312,1,20.75,,,20.75,2,1
00322,1,20.5,,,20.5,2,1
00332,0,20.25,,,20.25,2,1
00342,0,24.75,,,24.75,3,1
00352,1,23.25,,,23.25,3,1
00362,0,24.0,,,24.0,3,1
00372,0,22.0,,,22.0,2,1
00382,0,21.0,,,21.0,2,1
00392,0,22.25,,,22.25,3,1
00402,0,19.75,,,19.75,2,1
00412,1,21.0,,,21.0,2,1
00422,0,22.0,,,22.0,2,1
00432,0,22.5,,,22.5,3,1
00442,0,19.0,,,19.0,2,1
00452,0,25.0,,,25.0,3,1
00462,1,24.25,,,24.25,3,1
00472,0,22.75,,,22.75,3,1
00482,0,20.25,,,20.25,2,1
00492,0,24.25,,,24.25,3,1
00502,1,19.75,,,19.75,2,1
00512,0,23.25,,,23.25,3,1
00522,0,19.0,,,19.0,2,1
00532,0,21.25,,,21.25,2,1
00542,1,23.0,,,23.0,3,1
00552,0,20.5,,,20.5,2,1
00562,1,20.5,,,20.5,2,1
00572,1,25.75,,,25.75,3,4
00582,0,21.75,,,21.75,2,1
00592,1,23.25,,,23.25,3,1
00602,0,22.25,,,22.25,3,1
00612,0,21.75,,,21.75,2,1
00622,0,19.75,,,19.75,2,1
00632,1,25.25,,,25.25,3,4
00642,0,21.25,,,21.25,2,1
00652,1,23.5,,,23.5,3,1
00662,1,19.5,,,19.5,2,1
00672,0,19.0,,,19.0,2,1
00682,0,22.25,,,22.25,3,1
00692,0,23.75,,,23.75,3,1
00702,1,18.75,,,18.75,2,1
00712,0,23.75,,,23.75,3,1
00722,0,24.25,,,24.25,3,1
00732,0,22.0,,,22.0,2,1
00742,1,20.25,,,20.25,2,1
00752,0,19.75,,,19.75,2,1
00762,0,22.75,,,22.75,3,1
00772,0,21.25,,,21.25,2,1
00782,1,22.5,,,22.5,3,1
00792,1,20.25,,,20.25,2,1
00802,0,21.0,,,21.0,2,1
00812,1,24.25,,,24.25,3,1
00822,0,21.5,,,21.5,2,1
00832,0,22.75,,,22.75,3,1
00842,0,23.25,,,23.25,3,1
00852,0,23.0,,,23.0,3,1
00862,1,21.0,,,21.0,2,1
00872,1,22.5,,,22.5,3,1
00882,1,23.5,,,23.5,3,1
00892,0,20.0,,,20.0,2,1
00902,0,22.75,,,22.75,3,1
00912,0,22.25,,,22.25,3,1
00922,0,21.5,,,21.5,2,1
00932,1,22.0,,,22.0,2,1
00942,0,20.25,,,20.25,2,1
00952,0,21.0,,,21.0,2,1
00962,1,21.0,,,21.0,2,1
00972,0,23.0,,,23.0,3,1
00982,0,21.5,,,21.5,2,1
00992,0,20.0,,,20.0,2,1
01002,0,23.75,,,23.75,3,1
01012,0,22.75,,,22.75,3,1
01022,0,23.0,,,23.0,3,1
01032,0,21.5,,,21.5,2,1
01042,0,24.0,,,24.0,3,1
01062,0,24.25,,,24.25,3,1
01072,1,19.25,,,19.25,2,1
01082,1,21.25,,,21.25,2,1
01092,0,19.75,,,19.75,2,1
01102,1,24.25,,,24.25,3,1
01112,1,22.0,,,22.0,2,1
01122,0,19.0,,,19.0,2,1
01132,1,21.75,,,21.75,2,1
01142,0,18.25,,,18.25,2,1
01152,1,22.0,,,22.0,2,1
01162,0,21.75,,,21.75,2,1
01172,1,20.75,,,20.75,2,1
01182,1,20.5,,,20.5,2,1
01192,0,21.0,,,21.0,2,1
01202,1,22.75,,,22.75,3,1
01212,1,21.75,,,21.75,2,1
01222,1,25.0,,,25.0,3,1
01232,0,24.5,,,24.5,3,1
01242,1,22.0,,,22.0,2,1
01252,0,23.0,,,23.0,3,1
01262,1,21.0,,,21.0,2,1
01272,0,20.5,,,20.5,2,1
01282,1,22.75,,,22.75,3,1
01292,1,23.75,,,23.75,3,1
01302,0,19.75,,,19.75,2,1
01312,1,22.5,,,22.5,3,1
01322,0,22.25,,,22.25,3,1
01332,1,21.75,,,21.75,2,1
01342,0,19.25,,,19.25,2,1
01352,1,21.0,,,21.0,2,1
01362,1,24.25,,,24.25,3,1
01372,0,23.0,,,23.0,3,1
01382,1,23.75,,,23.75,3,1
01392,0,22.5,,,22.5,3,1
01402,0,22.0,,,22.0,2,1
01412,1,20.75,,,20.75,2,1
01422,0,19.0,,,19.0,2,1
01432,0,18.25,,,18.25,2,1
01442,1,20.25,,,20.25,2,1
01452,0,18.75,,,18.75,2,1
01462,0,20.75,,,20.75,2,1
01472,0,23.0,,,23.0,3,1
01482,0,21.0,,,21.0,2,1
01492,0,23.0,,,23.0,3,1
01502,0,22.0,,,22.0,2,1
01512,1,21.5,,,21.5,2,1
01522,0,23.75,,,23.75,3,1
01532,0,19.0,,,19.0,2,1
01542,0,25.5,,,25.5,3,4
01552,1,19.0,,,19.0,2,1
01562,1,20.75,,,20.75,2,1
01572,0,20.25,,,20.25,2,1
01582,1,20.75,,,20.75,2,1
01592,1,23.0,,,23.0,3,1
01602,1,20.75,,,20.75,2,1
01612,1,23.5,,,23.5,3,1
01622,1,18.75,,,18.75,2,1
01632,1,22.25,,,22.25,3,1
01642,1,21.75,,,21.75,2,1
01652,1,23.75,,,23.75,3,1
01662,0,21.0,,,21.0,2,1
01672,1,24.75,,,24.75,3,1
01682,0,25.5,,,25.5,3,4
01692,0,25.0,,,25.0,3,1
01702,0,25.25,,,25.25,3,4
01712,0,22.5,,,22.5,3,1
01722,0,20.5,,,20.5,2,1
01732,1,24.0,,,24.0,3,1
01742,0,23.5,,,23.5,3,1
01752,1,24.25,,,24.25,3,1
01762,0,22.5,,,22.5,3,1
01772,1,20.75,,,20.75,2,1
01782,1,22.25,,,22.25,3,1
01792,0,22.5,,,22.5,3,1
01802,0,19.75,,,19.75,2,1
01812,0,24.75,,,24.75,3,1
01822,1,23.5,,,23.5,3,1
01832,0,24.0,,,24.0,3,1
01842,1,21.5,,,21.5,2,1
01852,1,21.0,,,21.0,2,1
01862,0,20.75,,,20.75,2,1
01872,0,25.0,,,25.0,3,1
01882,1,23.75,,,23.75,3,1
01892,1,20.5,,,20.5,2,1
01902,0,19.5,,,19.5,2,1
01912,0,22.25,,,22.25,3,1
01922,0,22.25,,,22.25,3,1
01932,1,24.75,,,24.75,3,1
01942,0,20.75,,,20.75,2,1
01952,1,23.25,,,23.25,3,1
01962,1,19.25,,,19.25,2,1
01972,0,20.75,,,20.75,2,1
01982,1,25.0,,,25.0,3,1
02002,0,19.0,,,19.0,2,1
02012,0,23.0,,,23.0,3,1
02022,0,22.5,,,22.5,3,1
02032,1,20.0,,,20.0,2,1
02042,0,19.75,,,19.75,2,1
02052,1,18.25,,,18.25,2,1
02062,0,24.25,,,24.25,3,1
02072,1,24.25,,,24.25,3,1
02082,0,21.25,,,21.25,2,1
02092,1,19.25,,,19.25,2,1
02102,0,20.75,,,20.75,2,1
02112,1,24.0,,,24.0,3,1
02122,1,25.0,,,25.0,3,1
02132,1,22.5,,,22.5,3,1
02142,0,21.75,,,21.75,2,1
02152,0,20.5,,,20.5,2,1
02162,1,24.5,,,24.5,3,1
02172,1,22.25,,,22.25,3,1
02182,0,22.0,,,22.0,2,1
02192,0,23.5,,,23.5,3,1
02202,0,21.75,,,21.75,2,1
02212,1,20.75,,,20.75,2,1
02222,0,22.0,,,22.0,2,1
02232,0,20.75,,,20.75,2,1
02242,1,21.75,,,21.75,2,1
02252,0,20.25,,,20.25,2,1
02262,1,20.0,,,20.0,2,1
NDARINVL8WPT2T3,1,9.0,1,,9,1,
NDARINVL9CBJY8L,0,10.67,4,,11,2,
NDARINVL9KCH70W,0,9.08,1,,9,1,
NDARINVL9M95R6P,0,10.42,4,,10,1,
NDARINVLABCHP1W,0,9.0,1,,9,1,
NDARINVLB1UUZT7,0,9.75,1,,10,1,
NDARINVLBELG3A6,1,10.25,4,,10,1,
NDARINVLBJ8E0XH,1,10.92,4,,11,2,
NDARINVLBWL1VE1,0,9.25,1,,9,1,
NDARINVN98L0THW,0,10.33,4,,10,1,
NDARINVNA11366W,1,10.08,4,,10,1,
NDARINVNA8XT5V1,1,9.08,1,,9,1,
NDARINVNACZ6DC5,0,9.83,1,,10,1,
NDARINVNBJ852WE,1,9.0,1,,9,1,
NDARINVNC7PM9RJ,1,10.92,4,,11,2,
NDARINVNCM19JA9,1,9.33,1,,9,1,
NDARINVNDEK4K38,1,10.25,4,,10,1,
NDARINVNDF1FD44,1,10.25,4,,10,1,
NDARINVNDTCY532,0,8.92,1,,9,1,
NDARINVG6VRYVW0,1,10.42,4,,10,1,
NDARINVG6WRD4X4,0,9.08,1,,9,1,
NDARINVG792PE9P,1,9.92,1,,10,1,
NDARINVG7BRDFU8,1,10.0,1,,10,1,
NDARINVG7CCLJNX,0,10.42,4,,10,1,
NDARINVG7PZ6R7T,0,9.25,1,,9,1,
NDARINVG7TMENCV,1,9.5,1,,10,1,
NDARINVG8958BBH,1,10.42,4,,10,1,
NDARINVG8B9LC6Y,1,9.42,1,,9,1,
NDARINVG8JBY950,0,9.25,1,,9,1,
NDARINVG8K37NDD,0,10.33,4,,10,1,
NDARINVG8X99FC9,0,10.25,4,,10,1,
NDARINVG957G5YY,1,10.25,4,,10,1,
NDARINVG97EBXTL,1,10.75,4,,11,2,
NDARINVJCC8EVMK,1,10.83,4,,11,2,
NDARINVJCE41W2C,1,9.17,1,,9,1,
NDARINVJCGH65N1,0,9.33,1,,9,1,
NDARINVJD8XXLGE,0,9.92,1,,10,1,
NDARINVJDC5H6CH,0,9.83,1,,10,1,
NDARINVJDVWTD1U,0,10.25,4,,10,1,
NDARINVJDXAJTX3,1,10.58,4,,11,2,
NDARINVJDXKXF8T,0,9.17,1,,9,1,
NDARINVJE2LLWLD,0,9.58,1,,10,1,
NDARINVJE6EK74H,1,10.17,4,,10,1,
NDARINVJE8U3WEP,1,8.92,1,,9,1,
NDARINVJEDEBC72,0,9.83,1,,10,1,
NDARINVJEUB6WZP,0,9.92,1,,10,1,
NDARINVJFC8DZWR,0,10.08,4,,10,1,
NDARINVJFMWAJZF,1,9.58,1,,10,1,
NDARINVFNFNACAZ,1,9.17,1,,9,1,
NDARINVFP26FE4K,1,9.92,1,,10,1,
NDARINVFP6B90MX,0,9.92,1,,10,1,
NDARINVFP7WAK5D,0,9.17,1,,9,1,
NDARINVFPAA164W,0,9.92,1,,10,1,
NDARINVFPFM6B57,1,9.0,1,,9,1,
NDARINVFPXXMVAT,1,10.08,4,,10,1,
NDARINVFR8VJPEX,0,10.08,4,,10,1,
NDARINVFRW3A0M2,0,9.0,1,,9,1,
NDARINVG2JBNHEP,1,10.08,4,,10,1,
NDARINVG2P3W364,1,9.42,1,,9,1,
NDARINVG2PGTD44,1,10.5,4,,10,1,
NDARINVG31B74F8,1,10.92,4,,11,2,
NDARINVG48P9551,0,10.83,4,,11,2,
NDARINVG4LNRMF9,1,9.5,1,,10,1,
NDARINVG51E0KVR,1,9.33,1,,9,1,
NDARINVG5GPKJ4N,1,9.92,1,,10,1,
NDARINVJ6ZG269P,0,9.42,1,,9,1,
NDARINVJ74CGJ37,1,10.75,4,,11,2,
NDARINVJ7HK4WZJ,1,9.92,1,,10,1,
NDARINVJ9DVDT6T,1,9.33,1,,9,1,
NDARINVJB8CRWMV,0,10.0,1,,10,1,
NDARINVJBA67JP7,0,9.42,1,,9,1,
NDARINVJBH3AHLP,0,10.0,1,,10,1,
NDARINVJC1J916E,1,9.17,1,,9,1,
NDARINVL7ZXH7GM,1,10.83,4,,11,2,
NDARINVL8D2B93D,1,9.33,1,,9,1,
NDARINVL8KH6W61,1,10.33,4,,10,1,
NDARINVL8PY2P4B,1,10.92,4,,11,2,
NDARINVGWF3GZ8C,0,9.5,1,,10,1,
NDARINVGWG4RUR9,1,9.58,1,,10,1,
NDARINVGWVK97F4,1,8.92,1,,9,1,
NDARINVGX6XFWRU,0,9.08,1,,9,1,
NDARINVGXCZ2ELG,1,10.0,1,,10,1,
NDARINVGXLA7YG5,1,10.92,4,,11,2,
NDARINVGXLKFNXZ,1,9.08,1,,9,1,
NDARINVGY8VBRN0,0,10.08,4,,10,1,
NDARINVGYEKLK44,1,9.92,1,,10,1,
NDARINVGYHXT5DV,0,10.58,4,,11,2,
NDARINVGYYJH5RH,0,9.08,1,,9,1,
NDARINVGZJDGF8L,0,10.08,4,,10,1,
NDARINVGZMP9AHJ,1,10.17,4,,10,1,
NDARINVGZRC78EX,1,9.92,1,,10,1,
NDARINVK7150G4Z,0,10.42,4,,10,1,
NDARINVK71MV1Y2,0,9.92,1,,10,1,
NDARINVM22URD3V,0,9.83,1,,10,1,
NDARINVM2BH35YN,0,10.17,4,,10,1,
NDARINVM2D7TR38,0,9.92,1,,10,1,
NDARINVM3902G6F,1,9.33,1,,9,1,
NDARINVM41A58WT,0,10.92,4,,11,2,
NDARINVM42YXRFM,0,9.83,1,,10,1,
NDARINVM4ZC6HW9,0,9.0,1,,9,1,
NDARINVM50LU9VD,0,10.58,4,,11,2,
NDARINVM5C3J0GA,0,10.08,4,,10,1,
NDARINVM5GN30FZ,0,10.42,4,,10,1,
NDARINVM5GX1Z2W,1,10.25,4,,10,1,
NDARINVN071F6DW,1,10.83,4,,11,2,
NDARINVN0JV7RUL,1,10.08,4,,10,1,
NDARINVFU4GY5DE,1,10.33,4,,10,1,
NDARINVFUL1CNV5,0,9.92,1,,10,1,
NDARINVFUMZH19F,0,10.33,4,,10,1,
NDARINVFVK6MXVG,0,10.58,4,,11,2,
NDARINVFVKBTZUT,1,9.92,1,,10,1,
NDARINVFVN56Y3J,0,9.83,1,,10,1,
NDARINVFVP5BP99,1,9.75,1,,10,1,
NDARINVFW085ZMA,1,9.83,1,,10,1,
NDARINVFW1JLGDT,1,9.0,1,,9,1,
NDARINVFWF61N9N,1,9.58,1,,10,1,
NDARINVFWFC9K4K,1,9.0,1,,9,1,
NDARINVFWU0HW96,0,10.83,4,,11,2,
NDARINVFX6XRA82,0,10.33,4,,10,1,
NDARINVGCZFBJ6B,0,9.67,1,,10,1,
NDARINVGD45AN4V,1,9.5,1,,10,1,
NDARINVGDD473JJ,1,9.0,1,,9,1,
NDARINVGDDJLHJ5,0,9.5,1,,10,1,
NDARINVGE15ZEP5,0,10.0,1,,10,1,
NDARINVJGAM9713,1,9.58,1,,10,1,
NDARINVJGM06GHD,1,10.17,4,,10,1,
NDARINVJGYCTML6,1,10.92,4,,11,2,
NDARINVJH7UFKKJ,0,10.08,4,,10,1,
NDARINVJHX361ZP,0,9.92,1,,10,1,
NDARINVJJ0AUMZA,0,10.17,4,,10,1,
NDARINVJZRPKRLG,0,9.58,1,,10,1,
NDARINVK051J689,1,9.67,1,,10,1,
NDARINVK0RATU99,0,9.67,1,,10,1,
NDARINVK0RLYCC7,0,9.67,1,,10,1,
NDARINVK0U3PRRR,0,10.17,4,,10,1,
NDARINVK1CF88CW,1,10.92,4,,11,2,
NDARINVK1G99WM7,0,10.42,4,,10,1,
NDARINVK1WG534X,1,10.75,4,,11,2,
NDARINVK1WPW1EZ,1,9.0,1,,9,1,
NDARINVK1YWL2JC,0,10.58,4,,11,2,
NDARINVK20NJZWV,0,9.5,1,,10,1,
NDARINVK2KFJDG5,0,9.5,1,,10,1,
NDARINVK2M95XYW,0,10.0,1,,10,1,
NDARINVM5P36WUD,0,9.0,1,,9,1,
NDARINVM6781J8F,1,9.75,1,,10,1,
NDARINVP3HZXZ6B,0,10.08,4,,10,1,
NDARINVP3Z6VCWP,0,10.0,1,,10,1,
NDARINVP4AK4PTK,0,9.75,1,,10,1,
NDARINVP4GPP1NB,0,10.17,4,,10,1,
NDARINVP4RP5HAP,0,10.17,4,,10,1,
NDARINVP4YPBFFH,0,10.08,4,,10,1,
NDARINVP5BUWK7E,0,9.33,1,,9,1,
NDARINVFXG8Z1V0,0,9.83,1,,10,1,
NDARINVFXLHXVKE,0,9.83,1,,10,1,
NDARINVFY2JWCBT,0,10.08,4,,10,1,
NDARINVFY89NVRT,0,9.58,1,,10,1,
NDARINVHZR13VNX,0,10.5,4,,10,1,
NDARINVJ07F1YZA,1,9.25,1,,9,1,
NDARINVJ0Y53RRE,0,9.92,1,,10,1,
NDARINVJJM9HEZK,0,9.25,1,,9,1,
NDARINVJJMH6ZDT,1,9.67,1,,10,1,
NDARINVJK6VB601,0,9.92,1,,10,1,
NDARINVJKDWLHZU,0,9.58,1,,10,1,
NDARINVJKEK2N1R,1,10.67,4,,11,2,
NDARINVJKGPNZA2,0,9.17,1,,9,1,
NDARINVLC0NRLKT,0,9.5,1,,10,1,
NDARINVLCWZPW4H,0,9.0,1,,9,1,
NDARINVLCX3T8HU,0,10.58,4,,11,2,
NDARINVLCYH9EDJ,1,9.83,1,,10,1,
NDARINVLDH3YU2R,0,9.92,1,,10,1,
NDARINVLE8DHVG1,0,9.75,1,,10,1,
NDARINVLEF14KHY,1,10.75,4,,11,2,
NDARINVLEH6BPD5,1,10.33,4,,10,1,
NDARINVP5PE9ZJW,0,9.83,1,,10,1,
NDARINVP5YNWP3D,0,10.92,4,,11,2,
NDARINVP65TV30G,0,9.75,1,,10,1,
NDARINVP68163M4,0,9.0,1,,9,1,
NDARINVH4U16H28,1,10.33,4,,10,1,
NDARINVH4UTCCY9,1,10.83,4,,11,2,
NDARINVH5VGWKZU,0,9.08,1,,9,1,
NDARINVH5WAU70T,0,10.83,4,,11,2,
NDARINVH5XZL20U,0,10.92,4,,11,2,
NDARINVH68T1XNB,0,10.5,4,,10,1,
NDARINVH6HR9EFA,1,9.08,1,,9,1,
NDARINVH6K9F426,0,10.17,4,,10,1,
NDARINVH7F09R6E,0,10.83,4,,11,2,
NDARINVH7KK6965,1,9.67,1,,10,1,
NDARINVH7TVMCPN,0,9.17,1,,9,1,
NDARINVKHL7D46V,0,9.75,1,,10,1,
NDARINVKJ4AD62E,1,9.33,1,,9,1,
NDARINVKJKYNK5V,0,10.67,4,,11,2,
NDARINVKJRY7YJF,1,9.08,1,,9,1,
NDARINVKJWLWK8U,0,10.25,4,,10,1,
NDARINVKK5BJGB6,0,10.58,4,,11,2,
NDARINVKKBJMBLJ,1,9.0,1,,9,1,
NDARINVKL523B72,0,9.0,1,,9,1,
NDARINVMHCA4296,1,10.83,4,,11,2,
NDARINVMHERP6WJ,0,9.58,1,,10,1,
NDARINVMHJ04F4G,0,10.17,4,,10,1,
NDARINVN2MWGPU2,1,9.83,1,,10,1,
NDARINVN2TF0U03,1,10.92,4,,11,2,
NDARINVN31J6BXZ,0,9.75,1,,10,1,
NDARINVN3AV35WW,1,10.83,4,,11,2,
NDARINVN3M2X26L,1,9.25,1,,9,1,
NDARINVN4DBED7D,1,9.92,1,,10,1,
NDARINVN4F57516,0,9.42,1,,9,1,
NDARINVFYDAK53G,0,10.17,4,,10,1,
NDARINVFYK5K5G7,1,10.83,4,,11,2,
NDARINVFYPMHB9X,0,9.58,1,,10,1,
NDARINVFZ7T2G2T,1,10.92,4,,11,2,
NDARINVFZCKB9W4,1,9.0,1,,9,1,
NDARINVFZDYMM0B,1,9.25,1,,9,1,
NDARINVFZY230ME,1,9.0,1,,9,1,
NDARINVLEXJMGJ6,1,9.58,1,,10,1,
NDARINVLEZ9WYBX,1,10.58,4,,11,2,
NDARINVLF8VTDV5,1,9.58,1,,10,1,
NDARINVLFE6F5NR,0,9.17,1,,9,1,
NDARINVLFTH2GG8,0,9.75,1,,10,1,
NDARINVNKBLG2AL,1,9.67,1,,10,1,
NDARINVNKL9ZDUT,0,9.17,1,,9,1,
NDARINVNKNMHEML,0,10.42,4,,10,1,
NDARINVNM81RNFR,1,9.75,1,,10,1,
NDARINVNMC8EYAA,0,9.67,1,,10,1,
NDARINVNMHULM8G,1,10.33,4,,10,1,
NDARINVNNA7JH41,1,10.25,4,,10,1,
NDARINVNNH6EZH4,1,10.83,4,,11,2,
NDARINVNNNX0496,1,10.75,4,,11,2,
NDARINVH80KAFV4,0,10.58,4,,11,2,
NDARINVH83KP4EM,1,9.0,1,,9,1,
NDARINVH83UP7ZT,0,9.5,1,,10,1,
NDARINVK72BFR70,1,10.25,4,,10,1,
NDARINVK84182YD,1,9.08,1,,9,1,
NDARINVK84GLG8C,1,9.75,1,,10,1,
NDARINVK86BCPMG,0,9.75,1,,10,1,
NDARINVK8HVK50F,0,9.08,1,,9,1,
NDARINVK8N8YKDF,0,10.25,4,,10,1,
NDARINVK91CAXRJ,0,9.0,1,,9,1,
NDARINVK9GFBGJZ,0,9.42,1,,9,1,
NDARINVK9N3BY03,0,10.92,4,,11,2,
NDARINVK9NHYCE6,1,9.0,1,,9,1,
NDARINVK9RPEUC1,1,10.17,4,,10,1,
NDARINVK9TRR7G5,0,10.58,4,,11,2,
NDARINVK9UVPE20,1,9.0,1,,9,1,
NDARINVMHR6ZFBJ,0,9.92,1,,10,1,
NDARINVMJB4F3FB,0,9.67,1,,10,1,
NDARINVMJC3XJ60,0,10.67,4,,11,2,
NDARINVMKBC4Z7D,0,9.33,1,,9,1,
NDARINVMKC6DKGG,1,9.92,1,,10,1,
NDARINVMKNER6N9,1,9.08,1,,9,1,
NDARINVMKPR1T1N,1,9.92,1,,10,1,
NDARINVMKW7RNZ8,0,10.17,4,,10,1,
NDARINVML3JWCTF,0,10.58,4,,11,2,
NDARINVP6ZT1BJE,1,9.0,1,,9,1,
NDARINVP74XG4NJ,0,10.58,4,,11,2,
NDARINVP79AXMBD,0,9.58,1,,10,1,
NDARINVG08VWT16,1,10.58,4,,11,2,
NDARINVG0E0L3HV,1,10.92,4,,11,2,
NDARINVG0F3TJPW,1,9.67,1,,10,1,
NDARINVG0XX710G,1,10.58,4,,11,2,
NDARINVG0ZNL58U,0,10.0,1,,10,1,
NDARINVG1319K4E,0,9.83,1,,10,1,
NDARINVG13L2THF,0,10.67,4,,11,2,
NDARINVG16RFRXX,1,9.75,1,,10,1,
NDARINVJ3DFH4DA,1,9.42,1,,9,1,
NDARINVJ3PVPGBF,0,9.0,1,,9,1,
NDARINVJ4VKABK8,0,9.58,1,,10,1,
NDARINVNP54NNW4,1,9.08,1,,9,1,
NDARINVNP9P3E2H,0,10.67,4,,11,2,
NDARINVNPDJ80MX,0,9.92,1,,10,1,
NDARINVNPJAW7U8,0,9.08,1,,9,1,
NDARINVNR53UYUX,1,9.0,1,,9,1,
NDARINVGEBCYD1G,0,9.08,1,,9,1,
NDARINVGEHCD5AD,1,9.5,1,,10,1,
NDARINVGEUD7WNN,1,10.25,4,,10,1,
NDARINVGF5M5HN2,1,9.0,1,,9,1,
NDARINVGF6M43VF,0,9.67,1,,10,1,
NDARINVGF8CXXED,0,9.0,1,,9,1,
NDARINVGFH7TNNH,0,10.25,4,,10,1,
NDARINVGFRL1TJF,1,9.83,1,,10,1,
NDARINVGG19UZTY,0,9.33,1,,9,1,
NDARINVGG6CEFZP,1,10.58,4,,11,2,
NDARINVGGJJVCTG,0,11.0,2,,11,2,
NDARINVK9YR13JW,1,9.83,1,,10,1,
NDARINVKA96L5HC,0,10.5,4,,10,1,
NDARINVKAKFCN21,1,10.08,4,,10,1,
NDARINVKB1PDUC8,1,8.92,1,,9,1,
NDARINVKB7UD17H,1,9.0,1,,9,1,
NDARINVM70F0J7W,0,9.92,1,,10,1,
NDARINVM7175YDC,0,9.67,1,,10,1,
NDARINVM7LL5JGJ,0,10.5,4,,10,1,
NDARINVM7T4Y22R,0,9.75,1,,10,1,
NDARINVM7YD6387,1,10.75,4,,11,2,
NDARINVP7YTV29E,1,10.33,4,,10,1,
NDARINVP8D1V80P,1,10.92,4,,11,2,
NDARINVP9LWMMB5,1,9.0,1,,9,1,
NDARINVP9NTMNTN,1,9.92,1,,10,1,
NDARINVPA1L60YE,1,10.0,1,,10,1,
NDARINVJ51UCKWX,1,10.92,4,,11,2,
NDARINVJ5JJZDPB,0,10.0,1,,10,1,
NDARINVJ5VHD38X,1,10.5,4,,10,1,
NDARINVJ5ZCLVEA,1,9.0,1,,9,1,
NDARINVJ60R0EK4,1,10.92,4,,11,2,
NDARINVJ64MJXHT,0,10.75,4,,11,2,
NDARINVJ67B8F0J,0,10.75,4,,11,2,
NDARINVJ6EUW017,0,10.25,4,,10,1,
NDARINVL3ND8XCF,1,10.17,4,,10,1,
NDARINVL41WXZ15,0,9.83,1,,10,1,
NDARINVL453XJAG,0,9.83,1,,10,1,
NDARINVL46T49EG,0,9.17,1,,9,1,
NDARINVL49379MF,1,9.67,1,,10,1,
NDARINVL4H1ABKA,0,9.67,1,,10,1,
NDARINVL4W6Z6C0,0,9.42,1,,9,1,
NDARINVGH27THFL,1,9.75,1,,10,1,
NDARINVGH562UEB,1,10.75,4,,11,2,
NDARINVGH70J8FC,1,10.17,4,,10,1,
NDARINVGH9BLP1B,1,9.67,1,,10,1,
NDARINVGJ344XYV,0,9.42,1,,9,1,
NDARINVJKLMWC89,1,9.33,1,,9,1,
NDARINVJKYR0UWL,0,9.08,1,,9,1,
NDARINVJL71L4YC,1,9.08,1,,9,1,
NDARINVJLDR7ZUA,0,10.25,4,,10,1,
NDARINVJLFZWEL3,1,9.0,1,,9,1,
NDARINVJLXMB8LP,0,10.67,4,,11,2,
NDARINVJM8AD5VX,1,9.17,1,,9,1,
NDARINVJMNGNMM1,1,10.25,4,,10,1,
NDARINVJMTFCLCC,0,9.5,1,,10,1,
NDARINVJN635BT6,0,10.75,4,,11,2,
NDARINVJNAEGGEN,0,9.42,1,,9,1,
NDARINVM99BLZUE,1,9.83,1,,10,1,
NDARINVM9KC36N1,1,10.75,4,,11,2,
NDARINVMAABD7MX,1,9.75,1,,10,1,
NDARINVMAK80V91,1,10.25,4,,10,1,
NDARINVPCV7FMWH,0,10.5,4,,10,1,
NDARINVPDDWCGGW,1,10.75,4,,11,2,
NDARINVPDUBZC3E,1,10.0,1,,10,1,
NDARINVPDW73ZHF,1,10.42,4,,10,1,
NDARINVPEG2KF9H,1,10.42,4,,10,1,
NDARINVHJULNANY,1,10.17,4,,10,1,
NDARINVHJX5CM4N,1,9.75,1,,10,1,
NDARINVHKYD8UCZ,0,10.83,4,,11,2,
NDARINVHLBDK2HU,1,9.67,1,,10,1,
NDARINVHLKBLZ33,0,9.67,1,,10,1,
NDARINVHLMVLRAG,0,10.08,4,,10,1,
NDARINVHLRR37FK,1,10.92,4,,11,2,
NDARINVHM1FLZM6,1,11.0,2,,11,2,
NDARINVHMPRZ376,0,10.25,4,,10,1,
NDARINVHNER3YDN,0,9.33,1,,9,1,
NDARINVKLMJ728E,1,9.08,1,,9,1,
NDARINVN6E9XK0R,1,9.08,1,,9,1,
NDARINVN6R4KJPT,0,10.08,4,,10,1,
NDARINVN6VRV5HK,1,9.0,1,,9,1,
NDARINVN70WP7FM,1,10.67,4,,11,2,
NDARINVN72UK9CX,0,9.67,1,,10,1,
NDARINVN7MH5976,0,9.67,1,,10,1,
NDARINVN87U1DM1,0,9.08,1,,9,1,
NDARINVN8E1A40C,1,10.92,4,,11,2,
NDARINVN8KGV116,0,10.92,4,,11,2,
NDARINVN8V7KR39,1,9.17,1,,9,1,
NDARINVG25GUYN2,0,9.08,1,,9,1,
NDARINVG270KBWC,1,10.0,1,,10,1,
NDARINVG29BXF0A,0,9.58,1,,10,1,
NDARINVG2H30ATD,1,10.25,4,,10,1,
NDARINVJP53JABE,1,10.08,4,,10,1,
NDARINVJP6F56RT,1,10.25,4,,10,1,
NDARINVJP978MN3,0,9.33,1,,9,1,
NDARINVJPDBRMPL,0,10.5,4,,10,1,
NDARINVJPH56X7G,0,10.25,4,,10,1,
NDARINVJPKAU189,1,9.25,1,,9,1,
NDARINVLH12B4VL,1,9.33,1,,9,1,
NDARINVLH3PCFW1,0,9.0,1,,9,1,
NDARINVLH5M1C12,0,9.0,1,,9,1,
NDARINVLHGW76WM,0,9.33,1,,9,1,
NDARINVPF0N5FWX,1,10.92,4,,11,2,
NDARINVPFK4E6YP,0,9.58,1,,10,1,
NDARINVPFNN111R,0,9.42,1,,9,1,
NDARINVPG8H0DUP,1,9.83,1,,10,1,
NDARINVPG8YZKD4,1,9.08,1,,9,1,
NDARINVPGMJMWUZ,1,10.33,4,,10,1,
NDARINVH8NGBTPP,0,9.92,1,,10,1,
NDARINVH8W4FZ68,1,9.25,1,,9,1,
NDARINVH907TWMT,1,10.25,4,,10,1,
NDARINVH925BUDA,0,9.75,1,,10,1,
NDARINVH955L5TE,1,10.0,1,,10,1,
NDARINVH9ERT7NK,0,10.83,4,,11,2,
NDARINVH9F934NE,0,9.25,1,,9,1,
NDARINVH9NZRW87,1,9.67,1,,10,1,
NDARINVH9X3BL3K,1,9.83,1,,10,1,
NDARINVKM0BYRA9,1,9.92,1,,10,1,
NDARINVKMNLLDKK,0,10.42,4,,10,1,
NDARINVKMVGX7UJ,0,9.25,1,,9,1,
NDARINVKNBJ47HV,0,9.0,1,,9,1,
NDARINVKNFUZV4X,1,9.75,1,,10,1,
NDARINVKNMWKW2X,1,9.83,1,,10,1,
NDARINVKNU295WW,1,9.17,1,,9,1,
NDARINVKP83AWJ8,1,9.25,1,,9,1,
NDARINVKP8W0VHU,1,9.75,1,,10,1,
NDARINVKPF4GFHV,1,8.92,1,,9,1,
NDARINVKPNEX4HY,0,9.0,1,,9,1,
NDARINVML6ZF1HE,1,9.0,1,,9,1,
NDARINVMLFXUXUL,1,9.0,1,,9,1,
NDARINVL5EAF5N9,1,10.08,4,,10,1,
NDARINVL5H2T7U1,0,10.08,4,,10,1,
NDARINVL5KEXX4Y,1,9.58,1,,10,1,
NDARINVL5RBR153,1,9.75,1,,10,1,
NDARINVL5TG7F2T,0,10.92,4,,11,2,
NDARINVL5YY3CJB,1,10.92,4,,11,2,
NDARINVL64HB2ET,1,9.0,1,,9,1,
NDARINVL6EFKUHV,1,10.92,4,,11,2,
NDARINVL70MDV52,0,10.75,4,,11,2,
NDARINVL7GG9GJV,0,10.17,4,,10,1,
NDARINVL7KKBD44,0,9.25,1,,9,1,
NDARINVN52TVLYF,0,9.83,1,,10,1,
NDARINVN5UEMDUZ,0,9.0,1,,9,1,
NDARINVN5XU9AVH,0,10.92,4,,11,2,
NDARINVLJ8NB5W8,1,10.42,4,,10,1,
NDARINVLK2ZABWM,1,10.5,4,,10,1,
NDARINVLKDHWPWF,0,10.33,4,,10,1,
NDARINVNT25VUY7,0,9.0,1,,9,1,
NDARINVNT4P4M2F,0,10.92,4,,11,2,
NDARINVNT6BJVLB,1,10.58,4,,11,2,
NDARINVNTB9DCL8,1,10.67,4,,11,2,
NDARINVNTD0Y2TZ,0,9.25,1,,9,1,
NDARINVNTK7UH4C,0,10.92,4,,11,2,
NDARINVHBCXW11P,1,10.83,4,,11,2,
NDARINVHBDZY8K2,1,9.75,1,,10,1,
NDARINVHC076FG3,1,9.83,1,,10,1,
NDARINVHCG47NJV,0,10.17,4,,10,1,
NDARINVKC1P8R4F,1,10.83,4,,11,2,
NDARINVKCPJBCMV,1,10.83,4,,11,2,
NDARINVKCU1HRMA,1,9.42,1,,9,1,
NDARINVKCZZYZB5,0,10.75,4,,11,2,
NDARINVKDGX17KZ,1,10.75,4,,11,2,
NDARINVKDZR86PA,1,9.17,1,,9,1,
NDARINVMLJ3F84X,1,9.0,1,,9,1,
NDARINVMM3Y00ZD,1,10.33,4,,10,1,
NDARINVMMRPRU94,0,9.75,1,,10,1,
NDARINVMNXPRD46,0,10.83,4,,11,2,
NDARINVMP1NHUFC,0,9.17,1,,9,1,
NDARINVMPPV8539,1,9.25,1,,9,1,
NDARINVMRH2PB50,0,10.75,4,,11,2,
NDARINVMRMZKMZ1,0,9.83,1,,10,1,
NDARINVJ1DZJB1L,0,9.33,1,,9,1,
NDARINVJ1KCU2LN,1,9.33,1,,9,1,
NDARINVJ218DEYA,0,10.75,4,,11,2,
NDARINVJ27L7Z6G,1,9.25,1,,9,1,
NDARINVJ2A3JCGK,1,10.0,1,,10,1,
NDARINVJ2LAUP97,0,10.25,4,,10,1,
NDARINVJ2LEG1ZN,1,10.17,4,,10,1,
NDARINVKZX46H34,1,9.67,1,,10,1,
NDARINVL02ZXJAE,0,10.17,4,,10,1,
NDARINVL07PRMYX,1,9.08,1,,9,1,
NDARINVL0G212AD,0,9.92,1,,10,1,
NDARINVL0MNX5JL,1,9.42,1,,9,1,
NDARINVL1FAK49Y,1,9.0,1,,9,1,
NDARINVNTUN0CBE,1,10.67,4,,11,2,
NDARINVGKT12ZAH,0,9.33,1,,9,1,
NDARINVGLL8G9PW,0,10.5,4,,10,1,
NDARINVKEAY17JB,1,10.92,4,,11,2,
NDARINVKEDNL754,0,10.83,4,,11,2,
NDARINVKF1BUR6G,0,10.33,4,,10,1,
NDARINVKF3MM2R1,1,9.75,1,,10,1,
NDARINVKFGPP88F,0,8.92,1,,9,1,
NDARINVKFNA5PDB,0,10.67,4,,11,2,
NDARINVMAZ34RE3,1,10.08,4,,10,1,
NDARINVMAZCGHX3,1,9.08,1,,9,1,
NDARINVMBD8R833,1,9.67,1,,10,1,
NDARINVMBF2NK39,0,9.92,1,,10,1,
NDARINVMBFNBV6T,1,10.08,4,,10,1,
NDARINVMBU1DVRD,1,9.25,1,,9,1,
NDARINVMBWZMZ7V,0,9.75,1,,10,1,
NDARINVMC1L92VA,1,10.5,4,,10,1,
NDARINVMCB04PW4,1,9.83,1,,10,1,
NDARINVMCMXCP5T,0,10.0,1,,10,1,
NDARINVMCTA6E68,0,9.58,1,,10,1,
NDARINVMD3JLFR5,0,9.58,1,,10,1,
NDARINVHNJJY8CV,0,9.33,1,,9,1,
NDARINVL3258K1X,0,10.75,4,,11,2,
NDARINVL3B6LC0Z,1,10.58,4,,11,2,
NDARINVL3C0W7BT,0,10.42,4,,10,1,
NDARINVL3G13U80,1,9.33,1,,9,1,
NDARINVN0XCHU07,0,9.25,1,,9,1,
NDARINVN1H3BGLN,0,10.08,4,,10,1,
NDARINVN1TKYKW1,0,9.25,1,,9,1,
NDARINVN1UYXP41,1,10.25,4,,10,1,
NDARINVN1VEBNHP,1,9.83,1,,10,1,
NDARINVN1Y93M5A,1,10.0,1,,10,1,
NDARINVGM7YJH08,0,9.75,1,,10,1,
NDARINVGMRMU1HU,0,8.92,1,,9,1,
NDARINVGMVWPXD7,1,10.08,4,,10,1,
NDARINVGNHB07CM,0,9.08,1,,9,1,
NDARINVGNHMJJTD,1,10.58,4,,11,2,
NDARINVGNV5ZKU4,0,10.58,4,,11,2,
NDARINVGP0KJLU3,1,10.25,4,,10,1,
NDARINVJR1CF0WZ,1,10.25,4,,10,1,
NDARINVJR23U8DW,0,9.08,1,,9,1,
NDARINVJR7AD66J,1,10.17,4,,10,1,
NDARINVJRBRCUZG,1,9.33,1,,9,1,
NDARINVJRPZT0NB,1,11.0,2,,11,2,
NDARINVMDEU4XC0,0,10.58,4,,11,2,
NDARINVMDWZP1FT,0,9.17,1,,9,1,
NDARINVMENCHP62,1,9.67,1,,10,1,
NDARINVMF4B9XWV,1,10.5,4,,10,1,
NDARINVMF6NM996,0,10.5,4,,10,1,
NDARINVMFHTK0W6,1,9.17,1,,9,1,
NDARINVMFVA1BZF,0,10.25,4,,10,1,
NDARINVMG3RV4AC,0,9.0,1,,9,1,
NDARINVPGW66JN0,1,10.0,1,,10,1,
NDARINVPH1V3YZD,0,10.92,4,,11,2,
NDARINVPH228FNP,1,9.75,1,,10,1,
NDARINVPHA422B4,0,9.0,1,,9,1,
NDARINVPHDJPYND,1,10.08,4,,10,1,
NDARINVPHGUL1Z3,1,10.5,4,,10,1,
NDARINVHNMKA712,1,10.75,4,,11,2,
NDARINVHNPRTMWZ,0,9.08,1,,9,1,
NDARINVHNT0B9EC,1,9.08,1,,9,1,
NDARINVHNU1D3NL,0,10.08,4,,10,1,
NDARINVHP5NXGMY,1,10.92,4,,11,2,
NDARINVHPNB07E7,1,10.08,4,,10,1,
NDARINVHPT4RWK5,1,9.0,1,,9,1,
NDARINVHPVR3UVC,0,9.92,1,,10,1,
NDARINVHPYB4URK,0,9.75,1,,10,1,
NDARINVHRTU9HVX,0,9.17,1,,9,1,
NDARINVHRUJUH1Y,0,10.0,1,,10,1,
NDARINVHT6KEU1H,0,10.75,4,,11,2,
NDARINVHT9V9KV9,0,10.08,4,,10,1,
NDARINVHTM2U5ZY,1,9.25,1,,9,1,
NDARINVHTNVLRBR,1,10.33,4,,10,1,
NDARINVHU28FNBP,0,10.08,4,,10,1,
NDARINVHU2D03RY,1,10.42,4,,10,1,
NDARINVHUCV7GK7,0,9.08,1,,9,1,
NDARINVF76ZR3W2,1,10.08,4,,10,1,
NDARINVF7AUUWC6,1,9.08,1,,9,1,
NDARINVF7E957WL,1,9.0,1,,9,1,
NDARINVF7G1YTJV,1,10.5,4,,10,1,
NDARINVF7K681U5,1,9.67,1,,10,1,
NDARINVF7RLL816,0,10.33,4,,10,1,
NDARINVF894WBDM,1,10.08,4,,10,1,
NDARINVF8T2UPP4,0,10.25,4,,10,1,
NDARINVF8Z5L5BK,1,9.75,1,,10,1,
NDARINVF9496V9W,0,10.58,4,,11,2,
NDARINVF9KVX7JE,0,9.08,1,,9,1,
NDARINVF9LU8GW8,1,9.08,1,,9,1,
NDARINVF9U3MCN7,0,9.0,1,,9,1,
NDARINVF9XWPX7P,0,9.83,1,,10,1,
NDARINVFA0DV854,1,9.42,1,,9,1,
NDARINVJT28AYHV,0,10.67,4,,11,2,
NDARINVJT2E2T8K,1,9.92,1,,10,1,
NDARINVJT9RNJD2,1,10.33,4,,10,1,
NDARINVJTA9PW0F,1,11.0,2,,11,2,
NDARINVJTCXNL4V,0,9.17,1,,9,1,
NDARINVJTVF4TRT,0,10.42,4,,10,1,
NDARINVJU4UKFJC,1,9.42,1,,9,1,
NDARINVJV3VFJD1,1,9.25,1,,9,1,
NDARINVLL15HE4W,0,9.17,1,,9,1,
NDARINVLLC8XX9N,0,9.08,1,,9,1,
NDARINVLLUH8L20,0,10.92,4,,11,2,
NDARINVPJWETA8W,0,9.25,1,,9,1,
NDARINVPKHAU8GN,1,10.92,4,,11,2,
NDARINVPKNB0CKK,0,9.5,1,,10,1,
NDARINVHD6C4KL6,1,9.25,1,,9,1,
NDARINVHDX0L5M7,0,9.0,1,,9,1,
NDARINVHEABF6E2,0,10.58,4,,11,2,
NDARINVHELGE2W9,1,9.67,1,,10,1,
NDARINVKRNZWREV,1,9.92,1,,10,1,
NDARINVKT2KEG3Z,1,9.0,1,,9,1,
NDARINVKT39B7XP,1,10.5,4,,10,1,
NDARINVKT59P3W3,1,9.83,1,,10,1,
NDARINVKT7XDL4U,1,9.0,1,,9,1,
NDARINVKTJZFMAM,1,10.58,4,,11,2,
NDARINVKTN3FFWD,1,9.5,1,,10,1,
NDARINVKU1J9JFE,1,10.17,4,,10,1,
NDARINVKU7P8BC5,1,10.58,4,,11,2,
NDARINVKUJ7WV09,1,10.33,4,,10,1,
NDARINVKUTFEERM,0,10.75,4,,11,2,
NDARINVKV9NTNR4,1,10.58,4,,11,2,
NDARINVFDU2XP47,1,10.5,4,,10,1,
NDARINVFEKGBDCL,0,9.75,1,,10,1,
NDARINVFER29RGF,1,10.0,1,,10,1,
NDARINVFGGFCCWJ,1,9.0,1,,9,1,
NDARINVFGYL7250,0,9.83,1,,10,1,
NDARINVFH450BA7,0,9.0,1,,9,1,
NDARINVFH4MDTK5,1,10.33,4,,10,1,
NDARINVFHBKW2VL,0,9.0,1,,9,1,
NDARINVFHBXTPK5,1,9.67,1,,10,1,
NDARINVLMFVJWJJ,0,9.25,1,,9,1,
NDARINVLNA2KYAP,1,10.0,1,,10,1,
NDARINVLNF7Y6BR,1,10.42,4,,10,1,
NDARINVLP57P64D,0,9.92,1,,10,1,
NDARINVLP7DY7CH,1,10.17,4,,10,1,
NDARINVLP8EN3JX,1,10.0,1,,10,1,
NDARINVLPMG7ZFU,0,10.92,4,,11,2,
NDARINVLR6BN87U,0,10.08,4,,10,1,
NDARINVNVZ6Y707,1,9.67,1,,10,1,
NDARINVNW8EEBWY,1,9.58,1,,10,1,
NDARINVNWMZAR95,0,10.17,4,,10,1,
NDARINVNWUL0U0R,1,10.08,4,,10,1,
NDARINVHEW9CW68,0,9.42,1,,9,1,
NDARINVHF44URL8,0,9.42,1,,9,1,
NDARINVHF6GWUE0,1,10.5,4,,10,1,
NDARINVHF78353F,1,10.17,4,,10,1,
NDARINVHFB480XX,1,10.08,4,,10,1,
NDARINVHFC9FFMD,0,9.75,1,,10,1,
NDARINVHFCK6N4B,1,9.33,1,,9,1,
NDARINVHFCRA5PY,1,10.5,4,,10,1,
NDARINVHFDKX3LR,1,10.5,4,,10,1,
NDARINVKFUY5YHC,0,10.0,1,,10,1,
NDARINVKGB957MU,0,9.0,1,,9,1,
NDARINVKGN17CBU,1,9.08,1,,9,1,
NDARINVKH00C10R,0,9.0,1,,9,1,
NDARINVKH4089BE,0,9.17,1,,9,1,
NDARINVKW02LRCP,0,10.67,4,,11,2,
NDARINVKW4Y8YCW,0,9.0,1,,9,1,
NDARINVMT5RKZJE,1,9.0,1,,9,1,
NDARINVMTDA24C7,1,10.17,4,,10,1,
NDARINVMTJ9G2GT,1,10.0,1,,10,1,
NDARINVMTVMYZRH,0,10.33,4,,10,1,
NDARINVMTVTFDC0,1,10.92,4,,11,2,
NDARINVMVR4WAXV,1,9.17,1,,9,1,
NDARINVMWC4BV86,1,11.0,2,,11,2,
NDARINVFHKMZUZ5,0,9.67,1,,10,1,
NDARINVFHNEW93L,0,9.17,1,,9,1,
NDARINVFJ2WR5PF,1,9.75,1,,10,1,
NDARINVFJEW218J,0,9.33,1,,9,1,
NDARINVFJH3K335,1,10.17,4,,10,1,
NDARINVFJLN9GJA,1,9.25,1,,9,1,
NDARINVFJP3171C,1,9.0,1,,9,1,
NDARINVFJTY1HTY,0,10.42,4,,10,1,
NDARINVFKJ3HUBM,0,10.08,4,,10,1,
NDARINVFLCZ4FD7,1,9.25,1,,9,1,
NDARINVFLGFBYD2,0,10.75,4,,11,2,
NDARINVFLVCCKDN,0,9.08,1,,9,1,
NDARINVNWZ3R1DL,0,9.25,1,,9,1,
NDARINVNX3RCFCH,0,9.17,1,,9,1,
NDARINVNX4U1RRY,0,9.83,1,,10,1,
NDARINVNXL6MCVD,1,10.58,4,,11,2,
NDARINVNZ2C50P3,1,10.83,4,,11,2,
NDARINVNZ6PNAL2,1,9.0,1,,9,1,
NDARINVNZZPEY3P,1,10.75,4,,11,2,
NDARINVP0D6UYGA,0,10.75,4,,11,2,
NDARINVGPLYJB8P,1,9.42,1,,9,1,
NDARINVGPPBRH6H,0,9.0,1,,9,1,
NDARINVGPPUVVG4,0,10.25,4,,10,1,
NDARINVGR223RR6,1,10.25,4,,10,1,
NDARINVLX0YXH5F,0,9.17,1,,9,1,
NDARINVLX8NH532,1,9.17,1,,9,1,
NDARINVLXEAXZ7M,1,10.5,4,,10,1,
NDARINVLXWDWVR4,0,10.75,4,,11,2,
NDARINVLXZ3RPWB,0,9.08,1,,9,1,
NDARINVLY0ZDHGV,0,9.08,1,,9,1,
NDARINVLZ97FPMY,0,9.33,1,,9,1,
NDARINVLZRHC6A5,1,10.83,4,,11,2,
NDARINVLZUEMGGJ,0,9.58,1,,10,1,
NDARINVLZVJ5RNK,1,9.75,1,,10,1,
NDARINVM0GGBPHL,1,9.0,1,,9,1,
NDARINVM0JXYXX1,0,9.25,1,,9,1,
NDARINVMWLND1RR,0,11.0,2,,11,2,
NDARINVMWM6VBUW,1,9.0,1,,9,1,
NDARINVPLJ4JZJA,0,10.0,1,,10,1,
NDARINVFMFM01J8,1,10.5,4,,10,1,
NDARINVFMJCXXYX,1,9.75,1,,10,1,
NDARINVFAFNLCWD,0,8.92,1,,9,1,
NDARINVFAFY497H,0,10.42,4,,10,1,
NDARINVFAKM0Y7X,0,10.42,4,,10,1,
NDARINVFAYT4PA6,0,9.75,1,,10,1,
NDARINVFB03XKRE,1,11.0,2,,11,2,
NDARINVFB1H93PN,0,10.33,4,,10,1,
NDARINVFB2YC0F5,0,10.17,4,,10,1,
NDARINVFB646F8R,0,10.17,4,,10,1,
NDARINVFB9M4ZBX,0,10.42,4,,10,1,
NDARINVFBD5A7P9,1,9.0,1,,9,1,
NDARINVFBE9UXHG,0,9.42,1,,9,1,
NDARINVFBHD500G,0,10.17,4,,10,1,
NDARINVFBRPT56J,1,10.83,4,,11,2,
NDARINVFBV98M5D,0,10.92,4,,11,2,
NDARINVFC0XL0E1,1,10.58,4,,11,2,
NDARINVFC17LMLZ,1,10.42,4,,10,1,
NDARINVFC1UCXDW,0,9.08,1,,9,1,
NDARINVFC8MZRJA,1,10.83,4,,11,2,
NDARINVFCLB0ERE,0,9.92,1,,10,1,
NDARINVGT92D3H6,0,10.33,4,,10,1,
NDARINVGTKYE3LD,0,9.0,1,,9,1,
NDARINVGUGEVCM0,1,11.0,2,,11,2,
NDARINVGUNAAG7E,1,9.25,1,,9,1,
NDARINVGV6LZX0T,1,10.92,4,,11,2,
NDARINVJVYJW98X,0,10.08,4,,10,1,
NDARINVHUF10CJX,1,9.5,1,,10,1,
NDARINVHURGHCG4,1,9.17,1,,9,1,
NDARINVHUVWGGUZ,0,10.92,4,,11,2,
NDARINVHUWCJ9BX,0,9.92,1,,10,1,
NDARINVHVAJVTNH,0,10.75,4,,11,2,
NDARINVHW0PPV8W,0,10.5,4,,10,1,
NDARINVHWMBN7Y4,0,10.0,1,,10,1,
NDARINVHX50WNV8,0,10.75,4,,11,2,
NDARINVHX5PF696,1,10.83,4,,11,2,
NDARINVHX94ZLXK,1,10.33,4,,10,1,
NDARINVHX9H807C,0,9.67,1,,10,1,
NDARINVHXDCUC2M,1,9.17,1,,9,1,
NDARINVHXFHEYX7,1,10.33,4,,10,1,
NDARINVHXHGMVPP,0,10.67,4,,11,2,
NDARINVHXTUD5RJ,0,9.5,1,,10,1,
NDARINVFD69AWTA,0,9.67,1,,10,1,
NDARINVFDCGB66W,0,10.17,4,,10,1,
NDARINVETR322Y3,0,10.17,4,,10,1,
NDARINVEU57U8JH,1,9.25,1,,9,1,
NDARINVEUWUAN42,1,9.42,1,,9,1,
NDARINVEUXEFUP5,1,10.92,4,,11,2,
NDARINVEV8YYACG,0,10.83,4,,11,2,
NDARINVEVC26KZ4,1,10.5,4,,10,1,
NDARINVEVFG8LC1,0,10.25,4,,10,1,
NDARINVEVN2CFJL,0,10.92,4,,11,2,
NDARINVEVN5HV9V,1,10.5,4,,10,1,
NDARINVEVXURKC9,1,9.92,1,,10,1,
NDARINVEW9ZPKZK,1,10.5,4,,10,1,
NDARINVEWHRTRC2,0,10.08,4,,10,1,
NDARINVEWYRM0KZ,0,9.08,1,,9,1,
NDARINVJWAPD83W,0,9.0,1,,9,1,
NDARINVJWCD55M7,0,9.92,1,,10,1,
NDARINVJWJBC1ZT,1,9.92,1,,10,1,
NDARINVJX3T5618,1,9.75,1,,10,1,
NDARINVJXA05086,0,10.67,4,,11,2,
NDARINVJXF3WTN6,0,9.33,1,,9,1,
NDARINVJXNCXJ3W,0,9.33,1,,9,1,
NDARINVJXWWYJBU,1,10.17,4,,10,1,
NDARINVJZ12514R,0,10.75,4,,11,2,
NDARINVJZ13P7PY,1,9.75,1,,10,1,
NDARINVJZ6BX4DY,0,9.33,1,,9,1,
NDARINVJZCYWRZB,0,10.75,4,,11,2,
NDARINVLRHY4MJ7,1,10.42,4,,10,1,
NDARINVLRWKM99G,0,9.0,1,,9,1,
NDARINVH0Y1V08A,1,9.58,1,,10,1,
NDARINVH14Y76PL,1,9.92,1,,10,1,
NDARINVH1E70RH9,0,11.0,2,,11,2,
NDARINVH2H609BN,1,10.5,4,,10,1,
NDARINVH2JCLXCG,0,10.17,4,,10,1,
NDARINVH2V8E35J,1,9.0,1,,9,1,
NDARINVH35T0ZA9,1,9.5,1,,10,1,
NDARINVH37LMD3K,1,9.25,1,,9,1,
NDARINVHXXXE672,1,9.33,1,,9,1,
NDARINVHXY3TJAT,0,10.92,4,,11,2,
NDARINVHYDABU5J,1,9.17,1,,9,1,
NDARINVHYJ60DJE,1,9.0,1,,9,1,
NDARINVKX5G6YJV,0,10.25,4,,10,1,
NDARINVKXCGMZ1Z,0,9.42,1,,9,1,
NDARINVKXEBWC6V,1,9.58,1,,10,1,
NDARINVKXJ9P10B,1,10.83,4,,11,2,
NDARINVKXMJRYPN,1,10.92,4,,11,2,
NDARINVKXUNRZDG,0,10.58,4,,11,2,
NDARINVKYJCM061,0,10.08,4,,10,1,
NDARINVEXMPT9GM,1,10.42,4,,10,1,
NDARINVEXWHLUB5,0,9.5,1,,10,1,
NDARINVEY67B030,1,9.08,1,,9,1,
NDARINVEY7BLH33,1,9.17,1,,9,1,
NDARINVNEJ8RBUG,1,10.83,4,,11,2,
NDARINVNEZBVR4A,0,9.92,1,,10,1,
NDARINVNFBP257T,0,10.67,4,,11,2,
NDARINVNGL4MJW6,1,10.42,4,,10,1,
NDARINVNHF7ECGW,1,9.08,1,,9,1,
NDARINVNHKNUNA6,1,9.83,1,,10,1,
NDARINVNHRALH87,1,9.0,1,,9,1,
NDARINVNHT4ULK3,0,9.17,1,,9,1,
NDARINVNJ0YZWA1,0,9.25,1,,9,1,
NDARINVLTFB8A3W,0,9.17,1,,9,1,
NDARINVLTFXTGJ0,1,10.25,4,,10,1,
NDARINVLUZ9DL2U,1,9.92,1,,10,1,
NDARINVLVJCXFZ6,0,9.92,1,,10,1,
NDARINVLW127JFT,0,9.5,1,,10,1,
NDARINVLW1RLJYP,0,10.92,4,,11,2,
NDARINVH43585GP,1,9.0,1,,9,1,
NDARINVH49WAHRY,0,9.5,1,,10,1,
NDARINVK2YP6EN4,0,9.0,1,,9,1,
NDARINVK30HGMY4,0,9.67,1,,10,1,
NDARINVK36E1PEB,0,9.5,1,,10,1,
NDARINVK3FXPMNK,0,9.75,1,,10,1,
NDARINVK3GPV04G,0,9.0,1,,9,1,
NDARINVK3KEBCYC,0,10.08,4,,10,1,
NDARINVK4JJ20YY,1,10.58,4,,11,2,
NDARINVK5C5LXD2,1,9.75,1,,10,1,
NDARINVK5MXZ6UG,0,9.5,1,,10,1,
NDARINVK5P234R5,1,10.67,4,,11,2,
NDARINVK5WWNYVF,1,9.83,1,,10,1,
NDARINVK62C7NW4,0,9.83,1,,10,1,
NDARINVK6RANRAB,0,9.5,1,,10,1,
NDARINVKZCKY5JF,0,9.5,1,,10,1,
NDARINVKZDAJBD7,0,9.92,1,,10,1,
NDARINVKZE4Z6W0,0,10.08,4,,10,1,
NDARINVMY85AAAM,1,9.67,1,,10,1,
NDARINVMY8D3KPH,1,9.08,1,,9,1,
NDARINVMZ0E548E,1,9.17,1,,9,1,
NDARINVMZKNKER7,0,10.42,4,,10,1,
NDARINVMZLYE6WZ,0,10.0,1,,10,1,
NDARINVNJGJ5FRB,0,10.92,4,,11,2,
NDARINVNJUFTFPL,1,9.17,1,,9,1,
NDARINVNK028N92,0,9.17,1,,9,1,
NDARINVGB1LBZ5W,0,9.17,1,,9,1,
NDARINVGBXJFCXY,0,10.58,4,,11,2,
NDARINVGCFRP15A,0,10.92,4,,11,2,
NDARINVGCPTFXEV,0,9.75,1,,10,1,
NDARINVGCRW4PDT,1,9.67,1,,10,1,
NDARINVP12BW7UL,0,10.75,4,,11,2,
NDARINVP1BMWBHG,1,10.58,4,,11,2,
NDARINVP1WDXV8E,0,10.08,4,,10,1,
NDARINVP32CZKYP,0,10.08,4,,10,1,
NDARINVPBJTJ0Z3,1,9.0,1,,9,1,
NDARINVPBYWZ1LX,1,10.92,4,,11,2,
NDARINVPCCYREP8,1,10.17,4,,10,1,
NDARINVPCLAGP3Z,0,10.75,4,,11,2,
NDARINVBRZ3742Z,0,10.17,4,,10,1,
NDARINVC0P22ZPJ,0,9.0,1,,9,1,
NDARINVC0V8F883,1,10.83,4,,11,2,
NDARINVC0W9C4R6,1,10.42,4,,10,1,
NDARINVC1T4T2DC,1,10.58,4,,11,2,
NDARINVC25XBH2T,0,9.25,1,,9,1,
NDARINVC2VA4EY6,1,10.25,4,,10,1,
NDARINVC2ZLETPN,1,9.17,1,,9,1,
NDARINVC39CENF6,0,10.33,4,,10,1,
NDARINVC3LRZTRT,1,9.17,1,,9,1,
NDARINVC3Y8MBZ8,1,9.67,1,,10,1,
NDARINVC4H4Y34B,1,10.17,4,,10,1,
NDARINVC4KP3KCA,1,9.17,1,,9,1,
NDARINVC53PW1V8,0,9.42,1,,9,1,
NDARINVC58P3WTG,0,10.83,4,,11,2,
NDARINVBTA2BMZ6,1,9.5,1,,10,1,
NDARINVBTCDDVU1,0,10.83,4,,11,2,
NDARINVBTTCJX9R,1,9.33,1,,9,1,
NDARINVBTWHMF8T,0,9.42,1,,9,1,
NDARINVBU2E2YDP,0,9.33,1,,9,1,
NDARINVBU9KJZX7,1,10.25,4,,10,1,
NDARINVBUBD3WNE,1,9.75,1,,10,1,
NDARINVBUEMRDVF,1,10.33,4,,10,1,
NDARINVBUWRGTG6,0,9.17,1,,9,1,
NDARINVBUZ6HVF0,1,10.5,4,,10,1,
NDARINVBVJYW4PY,1,10.5,4,,10,1,
NDARINVBVUJB0R3,0,10.33,4,,10,1,
NDARINVBWFE6KU6,0,9.33,1,,9,1,
NDARINVBX1Z1PJ9,1,10.08,4,,10,1,
NDARINVBX3VYZF1,1,10.25,4,,10,1,
NDARINVBXDF81XE,0,9.75,1,,10,1,
NDARINVBXR1L7N8,1,10.0,1,,10,1,
NDARINVBXY02162,0,10.5,4,,10,1,
NDARINVBYVXL66N,0,9.75,1,,10,1,
NDARINVBZ0JV1FF,0,10.08,4,,10,1,
NDARINVBZ1YG32T,1,10.83,4,,11,2,
NDARINVBZ9H2FLC,1,9.75,1,,10,1,
NDARINVBZA5F2M2,1,9.67,1,,10,1,
NDARINVBZH975R2,0,9.25,1,,9,1,
NDARINVBZTF233W,0,9.42,1,,9,1,
NDARINVBZZGY7AM,0,11.0,2,,11,2,
NDARINVBZZYL1L5,0,9.08,1,,9,1,
NDARINVC0BDYBKD,1,9.42,1,,9,1,
NDARINVCL57VY2A,0,10.0,1,,10,1,
NDARINVC5H2UXTA,0,9.0,1,,9,1,
NDARINVC6FH4E9F,0,10.17,4,,10,1,
NDARINVC6MPJ7ZF,0,11.0,2,,11,2,
NDARINVC6VGL4N1,1,9.0,1,,9,1,
NDARINVC6ZT38L4,0,9.17,1,,9,1,
NDARINVC7BXUG5T,0,10.92,4,,11,2,
NDARINVC7HBE7N7,0,10.0,1,,10,1,
NDARINVC7P1CVEU,0,9.0,1,,9,1,
NDARINVC7TDBVV1,1,9.08,1,,9,1,
NDARINVC9139NWM,0,9.58,1,,10,1,
NDARINVC94L2H0F,1,10.42,4,,10,1,
NDARINVC9CUGR6X,0,9.42,1,,9,1,
NDARINVC9HVT0XG,1,9.58,1,,10,1,
NDARINVCA3F8YLV,1,10.67,4,,11,2,
NDARINVBPE6600Z,1,9.75,1,,10,1,
NDARINVBPF299DF,1,9.92,1,,10,1,
NDARINVBR0R4R8M,1,9.17,1,,9,1,
NDARINVBR7WZCN7,0,9.75,1,,10,1,
NDARINVBRJ19JN1,1,10.67,4,,11,2,
NDARINVBRMGY929,0,9.67,1,,10,1,
NDARINVBRRAE16V,0,9.17,1,,9,1,
NDARINVCLWMJ2FL,1,10.58,4,,11,2,
NDARINVCM7KCH5J,1,9.83,1,,10,1,
NDARINVCM8902RM,1,10.75,4,,11,2,
NDARINVCN1HRZGC,0,10.67,4,,11,2,
NDARINVCNFM9U01,0,10.25,4,,10,1,
NDARINVCNGUX127,1,9.67,1,,10,1,
NDARINVCNW0CYU4,0,9.25,1,,9,1,
NDARINVCNYD3GCA,0,9.25,1,,9,1,
NDARINVCNZEMPHG,1,9.0,1,,9,1,
NDARINVCP2K1NFW,0,10.0,1,,10,1,
NDARINVCP9MXC42,1,10.92,4,,11,2,
NDARINVCPKCD2H0,1,10.17,4,,10,1,
NDARINVD3A2CTFX,1,10.0,1,,10,1,
NDARINVD435BDPH,0,10.5,4,,10,1,
NDARINVD4J6E7PK,0,9.92,1,,10,1,
NDARINVD4YYXM1K,1,10.33,4,,10,1,
NDARINVD5ZMXFG6,1,10.5,4,,10,1,
NDARINVD60A8JHT,0,10.33,4,,10,1,
NDARINVD69WPF6G,1,10.42,4,,10,1,
NDARINVCPT9ZT4B,1,10.58,4,,11,2,
NDARINVCRCB0WAL,1,9.0,1,,9,1,
NDARINVCT4DY62X,1,10.58,4,,11,2,
NDARINVCTFL718M,0,10.25,4,,10,1,
NDARINVCTHR2CNF,1,9.17,1,,9,1,
NDARINVCTM83NPV,1,9.92,1,,10,1,
NDARINVCTNP7R5Z,0,9.0,1,,9,1,
NDARINVCTUNLN80,0,9.58,1,,10,1,
NDARINVCTY8WJMJ,0,10.0,1,,10,1,
NDARINVCU8GZZV0,1,10.25,4,,10,1,
NDARINVCUDZ40WZ,0,9.5,1,,10,1,
NDARINVCUF36WP2,1,9.0,1,,9,1,
NDARINVCUPEY1Z0,1,9.25,1,,9,1,
NDARINVCV5P454F,0,9.75,1,,10,1,
NDARINVCVAAN2Y5,1,10.42,4,,10,1,
NDARINVCVAXRBP7,1,10.83,4,,11,2,
NDARINVCVNFXR7V,0,10.5,4,,10,1,
NDARINVD0Y8TLGZ,1,9.25,1,,9,1,
NDARINVD11XG6G3,1,9.0,1,,9,1,
NDARINVD11Y7BH7,1,10.83,4,,11,2,
NDARINVD13HXD5H,0,10.17,4,,10,1,
NDARINVD176PR5Y,0,10.17,4,,10,1,
NDARINVD1C3Z8TZ,1,9.08,1,,9,1,
NDARINVD1EMLDV6,1,9.5,1,,10,1,
NDARINVD1ETWWPE,0,9.0,1,,9,1,
NDARINVD1YTW0G6,0,9.25,1,,9,1,
NDARINVD25VAT32,0,9.0,1,,9,1,
NDARINVD2V80DW2,0,10.42,4,,10,1,
NDARINVD31ULK08,0,9.5,1,,10,1,
NDARINVCAL7H8E5,1,10.92,4,,11,2,
NDARINVCB2NZA8D,0,10.83,4,,11,2,
NDARINVCBLVCZDM,1,9.25,1,,9,1,
NDARINVCCYUB5TM,1,9.08,1,,9,1,
NDARINVCDP4CRFV,0,10.83,4,,11,2,
NDARINVCF2VRU9R,0,10.58,4,,11,2,
NDARINVCFD4KND6,1,10.67,4,,11,2,
NDARINVCFFWJJ1H,1,10.58,4,,11,2,
NDARINVCFK3HDCF,0,10.58,4,,11,2,
NDARINVCFPMDG7R,1,9.58,1,,10,1,
NDARINVCFT8L45Y,0,10.83,4,,11,2,
NDARINVCFTDDBW7,1,10.25,4,,10,1,
NDARINVCG8XPP5D,0,9.08,1,,9,1,
NDARINVCGLGYDAH,0,9.0,1,,9,1,
NDARINVCGMN92RW,0,9.08,1,,9,1,
NDARINVCGWV06JE,0,9.08,1,,9,1,
NDARINVCGXC468Y,0,10.42,4,,10,1,
NDARINVCHJ9MR5U,0,10.33,4,,10,1,
NDARINVCHUKUNFD,1,9.58,1,,10,1,
NDARINVCJ0YPLW6,1,10.42,4,,10,1,
NDARINVCJA85ZRD,0,10.42,4,,10,1,
NDARINVCJG4D05U,0,9.0,1,,9,1,
NDARINVCJH4YEDW,1,9.17,1,,9,1,
NDARINVCJHJMM1A,1,10.67,4,,11,2,
NDARINVCJN8VTTY,1,10.42,4,,10,1,
NDARINVCK4E8YDE,0,10.75,4,,11,2,
NDARINVCKTT8HAT,1,10.08,4,,10,1,
NDARINVD8M17149,1,10.0,1,,10,1,
NDARINVD91UPVA1,0,10.5,4,,10,1,
NDARINVD92APFZ2,1,10.58,4,,11,2,
NDARINVD9L81NY5,0,9.67,1,,10,1,
NDARINVDACXYF2G,1,10.92,4,,11,2,
NDARINVDAJ4P19P,1,10.33,4,,10,1,
NDARINVDAL9UY1P,0,9.92,1,,10,1,
NDARINVDAWZ7L6D,0,9.83,1,,10,1,
NDARINVCVZF350C,0,9.33,1,,9,1,
NDARINVCXN95RV7,1,10.33,4,,10,1,
NDARINVCXTWKWU8,1,9.0,1,,9,1,
NDARINVCXW3Y64K,1,9.5,1,,10,1,
NDARINVCXWGDH5F,1,10.17,4,,10,1,
NDARINVCY51KY08,1,9.83,1,,10,1,
NDARINVCYA7HWRK,0,9.25,1,,9,1,
NDARINVCYF28BRB,1,10.92,4,,11,2,
NDARINVCYMF7WT5,1,9.92,1,,10,1,
NDARINVCYVT35R2,1,9.08,1,,9,1,
NDARINVCZ89L9CB,1,9.0,1,,9,1,
NDARINVCZGRXUKT,0,10.75,4,,11,2,
NDARINVCZWTTCVK,1,9.83,1,,10,1,
NDARINVD6X8GC05,0,9.25,1,,9,1,
NDARINVD7KE07MF,0,11.0,2,,11,2,
NDARINVD7UZ5ABH,1,10.25,4,,10,1,
NDARINVD7W0Y8XM,1,9.67,1,,10,1,
NDARINVD7YYK7CY,0,9.92,1,,10,1,
NDARINVF28KN8WU,0,10.58,4,,11,2,
NDARINVF2KR1Y5T,0,9.0,1,,9,1,
NDARINVF3MPP1ZN,1,9.25,1,,9,1,
NDARINVF3RDG1N2,1,9.58,1,,10,1,
NDARINVF46ZBBVA,0,10.0,1,,10,1,
NDARINVF4HCTG43,0,10.92,4,,11,2,
NDARINVF4NKLBXV,1,9.42,1,,9,1,
NDARINVF58CLY07,1,9.17,1,,9,1,
NDARINVF5JAU1UT,0,9.75,1,,10,1,
NDARINVF5JET3CJ,0,9.25,1,,9,1,
NDARINVF60M393G,1,9.5,1,,10,1,
NDARINVF65R9VTJ,1,9.25,1,,9,1,
NDARINVET4W53Z8,1,9.58,1,,10,1,
NDARINVETEZAGR2,1,10.42,4,,10,1,
NDARINVETNF2G44,1,10.75,4,,11,2,
NDARINVEYANDC02,1,10.58,4,,11,2,
NDARINVEYHJ6V3Z,1,9.75,1,,10,1,
NDARINVEYKTM50X,0,10.67,4,,11,2,
NDARINVEYTXWY7X,0,9.58,1,,10,1,
NDARINVEZB0PEEF,0,10.75,4,,11,2,
NDARINVEZR60E9U,1,10.67,4,,11,2,
NDARINVEZXL2KXT,1,10.25,4,,10,1,
NDARINVF00P4A2L,0,10.5,4,,10,1,
NDARINVF0C17HWX,1,10.08,4,,10,1,
NDARINVF0ZZ96XL,0,9.0,1,,9,1,
NDARINVF19EHX8V,0,9.92,1,,10,1,
NDARINVF1JR8615,1,10.0,1,,10,1,
NDARINVF1T3HWCV,0,10.5,4,,10,1,
